model,hardware,tp,batch_size,prompt_size,prompt_time,layer_time,Matmul,BatchedMatmul,Softmax,LayerNorm,GeLU,AllReduce,Others
Bloom-176B,H100x8,8,1,128,0.034475,0.0004925,0.00034863,3.6915e-05,6.8801e-06,2.5637e-05,8.9284e-06,5.8947e-05,6.5686e-06
Bloom-176B,H100x8,8,1,64,0.031725,0.00045322,0.00033574,3.608e-05,6.3892e-06,1.9498e-05,7.4072e-06,4.4824e-05,3.2843e-06
Bloom-176B,H100x8,8,1,32,0.03036,0.00043372,0.00032954,3.575e-05,6.2599e-06,1.6172e-05,6.588e-06,3.7762e-05,1.6422e-06
Bloom-176B,H100x8,8,1,16,0.029724,0.00042462,0.0003264,3.5561e-05,6.273e-06,1.5077e-05,6.2598e-06,3.4232e-05,8.2108e-07
Bloom-176B,H100x8,8,1,1,0.02925,0.00041786,0.00032382,3.6831e-05,6.2346e-06,1.4051e-05,5.9532e-06,3.0922e-05,5.1317e-08
Bloom-176B,H100x8,8,1,4,0.029276,0.00041823,0.00032447,3.5468e-05,6.2346e-06,1.4257e-05,6.0133e-06,3.1584e-05,2.0527e-07
Bloom-176B,H100x8,8,1,8,0.029417,0.00042024,0.000325,3.5499e-05,6.2366e-06,1.453e-05,6.0961e-06,3.2466e-05,4.1054e-07
Bloom-176B,H100x8,8,1,2,0.029191,0.00041701,0.00032399,3.5455e-05,6.2346e-06,1.412e-05,5.9719e-06,3.1142e-05,1.0263e-07
Bloom-176B,H100x8,8,1,256,0.040679,0.00058113,0.00038192,3.9438e-05,9.2013e-06,3.8013e-05,1.2236e-05,8.7192e-05,1.3137e-05
Bloom-176B,H100x8,8,1,512,0.064789,0.00092556,0.00061584,4.7174e-05,1.8312e-05,5.6233e-05,1.804e-05,0.00014368,2.6274e-05
Bloom-176B,H100x8,8,1,384,0.053219,0.00076028,0.00050923,4.4109e-05,1.3107e-05,4.3141e-05,1.5542e-05,0.00011544,1.9706e-05
Bloom-176B,H100x8,8,1,768,0.090914,0.0012988,0.00087457,6.1069e-05,2.8859e-05,7.4454e-05,2.0229e-05,0.00020018,3.9412e-05
Bloom-176B,H100x8,8,1,8192,1.0557,0.015081,0.007531,0.0020982,0.0024079,0.00063202,0.00015329,0.0018384,0.00042039
Bloom-176B,H100x8,8,1,10240,1.4323,0.020462,0.0093723,0.0032653,0.0040284,0.00078725,0.00019254,0.0022904,0.00052549
Bloom-176B,H100x8,8,1,12288,1.8641,0.02663,0.011212,0.0046614,0.0062136,0.00094248,0.00022745,0.0027423,0.00063059
Bloom-176B,H100x8,8,1,14336,2.2837,0.032624,0.013043,0.0063497,0.0079362,0.0010977,0.00026671,0.0031942,0.00073568
Bloom-176B,H100x8,8,1,1024,0.11409,0.0016299,0.0010831,7.3629e-05,4.4493e-05,9.2674e-05,2.6766e-05,0.00025667,5.2549e-05
Bloom-176B,H100x8,8,1,2048,0.22108,0.0031583,0.0020354,0.00017108,0.00015356,0.00016634,4.422e-05,0.00048263,0.0001051
Bloom-176B,H100x8,8,1,1536,0.17034,0.0024334,0.0016077,0.00011941,9.2456e-05,0.0001299,3.5493e-05,0.00036965,7.8823e-05
Bloom-176B,H100x8,8,1,3072,0.33718,0.0048168,0.0029609,0.00033907,0.00034102,0.0002479,6.1673e-05,0.0007086,0.00015765
Bloom-176B,H100x8,8,1,4096,0.46071,0.0065815,0.0038811,0.00055643,0.00059853,0.00032157,7.9189e-05,0.00093456,0.0002102
Bloom-176B,H100x8,8,1,6144,0.7403,0.010576,0.0057355,0.0012033,0.0013399,0.0004768,0.00011838,0.0013865,0.00031529
Bloom-176B,H100x8,8,1,5120,0.59695,0.0085279,0.0048083,0.00086201,0.00093031,0.00040313,0.00010093,0.0011605,0.00026274
Bloom-176B,H100x8,8,1,7168,0.89074,0.012725,0.0066107,0.0016199,0.0018197,0.00055835,0.00013584,0.0016125,0.00036784
Bloom-176B,H100x8,8,2,1,0.029288,0.00041839,0.00032399,3.6836e-05,6.2346e-06,1.412e-05,5.9719e-06,3.1142e-05,1.0263e-07
Bloom-176B,H100x8,8,2,2,0.029286,0.00041837,0.00032447,3.561e-05,6.2346e-06,1.4257e-05,6.0133e-06,3.1584e-05,2.0527e-07
Bloom-176B,H100x8,8,2,4,0.029426,0.00042038,0.000325,3.5637e-05,6.2356e-06,1.453e-05,6.0961e-06,3.2466e-05,4.1054e-07
Bloom-176B,H100x8,8,1,16384,2.8069,0.040099,0.014874,0.0082616,0.010922,0.0012529,0.00030161,0.0036462,0.00084078
Bloom-176B,H100x8,8,2,64,0.03445,0.00049214,0.00034863,3.6861e-05,6.574e-06,2.5637e-05,8.9284e-06,5.8947e-05,6.5686e-06
Bloom-176B,H100x8,8,2,32,0.031729,0.00045327,0.00033574,3.6201e-05,6.3164e-06,1.9498e-05,7.4072e-06,4.4824e-05,3.2843e-06
Bloom-176B,H100x8,8,2,8,0.029733,0.00042476,0.0003264,3.5698e-05,6.269e-06,1.5077e-05,6.2598e-06,3.4232e-05,8.2108e-07
Bloom-176B,H100x8,8,2,16,0.030364,0.00043377,0.00032954,3.5822e-05,6.2427e-06,1.6172e-05,6.588e-06,3.7762e-05,1.6422e-06
Bloom-176B,H100x8,8,2,128,0.040511,0.00057872,0.00038192,3.8531e-05,7.6993e-06,3.8013e-05,1.2236e-05,8.7192e-05,1.3137e-05
Bloom-176B,H100x8,8,2,256,0.064131,0.00091616,0.00061584,4.3575e-05,1.2508e-05,5.6233e-05,1.804e-05,0.00014368,2.6274e-05
Bloom-176B,H100x8,8,2,512,0.11185,0.0015979,0.0010831,5.9049e-05,2.7039e-05,9.2674e-05,2.6766e-05,0.00025667,5.2549e-05
Bloom-176B,H100x8,8,2,384,0.089652,0.0012807,0.00087457,5.2917e-05,1.8981e-05,7.4454e-05,2.0229e-05,0.00020018,3.9412e-05
Bloom-176B,H100x8,8,2,7168,1.7624,0.025177,0.013043,0.0032045,0.0036343,0.0010977,0.00026671,0.0031942,0.00073568
Bloom-176B,H100x8,8,2,8192,2.0921,0.029888,0.014874,0.0041611,0.0048105,0.0012529,0.00030161,0.0036462,0.00084078
Bloom-176B,H100x8,8,2,10240,2.8437,0.040624,0.018537,0.0064954,0.0080514,0.0015634,0.00037577,0.00455,0.001051
Bloom-176B,H100x8,8,2,12288,3.7064,0.052949,0.022199,0.0092876,0.012423,0.0018738,0.00044994,0.0054539,0.0012612
Bloom-176B,H100x8,8,2,1024,0.21176,0.0030251,0.0020354,0.00011196,7.9462e-05,0.00016634,4.422e-05,0.00048263,0.0001051
Bloom-176B,H100x8,8,2,768,0.16526,0.0023609,0.0016077,8.6839e-05,5.2514e-05,0.0001299,3.5493e-05,0.00036965,7.8823e-05
Bloom-176B,H100x8,8,2,1536,0.31609,0.0045156,0.0029609,0.00020353,0.00017534,0.0002479,6.1673e-05,0.0007086,0.00015765
Bloom-176B,H100x8,8,2,2048,0.42247,0.0060353,0.0038811,0.00030686,0.00030189,0.00032157,7.9189e-05,0.00093456,0.0002102
Bloom-176B,H100x8,8,2,3072,0.65435,0.0093478,0.0057355,0.00064284,0.00067247,0.0004768,0.00011838,0.0013865,0.00031529
Bloom-176B,H100x8,8,2,4096,0.89912,0.012845,0.007531,0.0010776,0.0011918,0.00063202,0.00015329,0.0018384,0.00042039
Bloom-176B,H100x8,8,2,5120,1.1698,0.016712,0.0093723,0.0016887,0.0018552,0.00078725,0.00019254,0.0022904,0.00052549
Bloom-176B,H100x8,8,2,6144,1.4557,0.020796,0.011212,0.0023713,0.00267,0.00094248,0.00022745,0.0027423,0.00063059
Bloom-176B,H100x8,8,3,1,0.029326,0.00041894,0.00032417,3.6841e-05,6.2346e-06,1.4189e-05,5.9931e-06,3.1363e-05,1.5395e-07
Bloom-176B,H100x8,8,3,2,0.029362,0.00041946,0.00032467,3.5766e-05,6.2346e-06,1.4395e-05,6.0547e-06,3.2025e-05,3.079e-07
Bloom-176B,H100x8,8,2,14336,4.5448,0.064926,0.025862,0.012664,0.015863,0.0021843,0.0005241,0.0063577,0.0014714
Bloom-176B,H100x8,8,2,16384,5.5921,0.079887,0.029524,0.016488,0.021839,0.0024947,0.00059826,0.0072616,0.0016816
Bloom-176B,H100x8,8,3,64,0.037356,0.00053366,0.00036333,3.7609e-05,6.7599e-06,3.2458e-05,1.0582e-05,7.3069e-05,9.8529e-06
Bloom-176B,H100x8,8,3,128,0.052625,0.00075178,0.00050923,4.0072e-05,8.6538e-06,4.3141e-05,1.5542e-05,0.00011544,1.9706e-05
Bloom-176B,H100x8,8,3,256,0.089054,0.0012722,0.00087457,4.754e-05,1.5814e-05,7.4454e-05,2.0229e-05,0.00020018,3.9412e-05
Bloom-176B,H100x8,8,3,384,0.13468,0.001924,0.0013629,6.1254e-05,2.1444e-05,0.00010652,2.7861e-05,0.00028491,5.9118e-05
Bloom-176B,H100x8,8,3,4,0.029592,0.00042274,0.00032572,3.5805e-05,6.2659e-06,1.4805e-05,6.1779e-06,3.3349e-05,6.1581e-07
Bloom-176B,H100x8,8,3,8,0.030074,0.00042962,0.00032815,3.5894e-05,6.3013e-06,1.5625e-05,6.4244e-06,3.5997e-05,1.2316e-06
Bloom-176B,H100x8,8,3,16,0.031106,0.00044437,0.00033289,3.6078e-05,6.274e-06,1.8403e-05,6.9739e-06,4.1293e-05,2.4632e-06
Bloom-176B,H100x8,8,3,32,0.033129,0.00047328,0.00034187,3.6637e-05,6.373e-06,2.3251e-05,8.334e-06,5.1885e-05,4.9265e-06
Bloom-176B,H100x8,8,3,512,0.16295,0.0023278,0.0016077,7.0509e-05,3.5766e-05,0.0001299,3.5493e-05,0.00036965,7.8823e-05
Bloom-176B,H100x8,8,3,1024,0.30827,0.0044039,0.0029609,0.00014847,0.00011865,0.0002479,6.1673e-05,0.0007086,0.00015765
Bloom-176B,H100x8,8,3,768,0.2372,0.0033886,0.0023042,0.00011153,7.1568e-05,0.00019324,5.0757e-05,0.00053912,0.00011824
Bloom-176B,H100x8,8,3,1536,0.46405,0.0066294,0.0043447,0.00028352,0.00025823,0.00036669,9.2202e-05,0.0010475,0.00023647
Bloom-176B,H100x8,8,3,6144,2.1686,0.030979,0.016706,0.0034762,0.0040045,0.0014082,0.00034087,0.0040981,0.00094588
Bloom-176B,H100x8,8,3,7168,2.6267,0.037524,0.019452,0.0047053,0.0054446,0.0016449,0.00039758,0.004776,0.0011035
Bloom-176B,H100x8,8,3,8192,3.1195,0.044564,0.022199,0.0061129,0.0072131,0.0018738,0.00044994,0.0054539,0.0012612
Bloom-176B,H100x8,8,3,10240,4.2425,0.060608,0.027693,0.0095516,0.012074,0.0023395,0.00056335,0.0068097,0.0015765
Bloom-176B,H100x8,8,3,2048,0.62434,0.0089191,0.0057355,0.00043635,0.00045021,0.0004768,0.00011838,0.0013865,0.00031529
Bloom-176B,H100x8,8,3,3072,0.96714,0.013816,0.0084517,0.00093034,0.0010083,0.00071358,0.00017509,0.0020644,0.00047294
Bloom-176B,H100x8,8,3,4096,1.3378,0.019111,0.011212,0.0015709,0.0017851,0.00094248,0.00022745,0.0027423,0.00063059
Bloom-176B,H100x8,8,3,5120,1.7416,0.02488,0.013959,0.0024689,0.00278,0.0011793,0.00028416,0.0034202,0.00078823
Bloom-176B,H100x8,8,4,1,0.029373,0.00041961,0.00032447,3.6847e-05,6.2346e-06,1.4257e-05,6.0133e-06,3.1584e-05,2.0527e-07
Bloom-176B,H100x8,8,3,12288,5.531,0.079015,0.033186,0.013661,0.018633,0.0028052,0.00067242,0.0081655,0.0018918
Bloom-176B,H100x8,8,3,14336,6.7824,0.096891,0.03868,0.018637,0.023789,0.0032709,0.00078584,0.0095213,0.0022071
Bloom-176B,H100x8,8,3,16384,8.3459,0.11923,0.044174,0.024267,0.032757,0.0037358,0.00089491,0.010877,0.0025223
Bloom-176B,H100x8,8,4,16,0.031727,0.00045325,0.00033574,3.6214e-05,6.2821e-06,1.9498e-05,7.4072e-06,4.4824e-05,3.2843e-06
Bloom-176B,H100x8,8,4,4,0.029746,0.00042495,0.0003264,3.5889e-05,6.2669e-06,1.5077e-05,6.2598e-06,3.4232e-05,8.2108e-07
Bloom-176B,H100x8,8,4,2,0.029441,0.00042058,0.000325,3.5843e-05,6.2346e-06,1.453e-05,6.0961e-06,3.2466e-05,4.1054e-07
Bloom-176B,H100x8,8,4,8,0.030376,0.00043394,0.00032954,3.5996e-05,6.2346e-06,1.6172e-05,6.588e-06,3.7762e-05,1.6422e-06
Bloom-176B,H100x8,8,4,32,0.034441,0.00049201,0.00034863,3.6876e-05,6.4296e-06,2.5637e-05,8.9284e-06,5.8947e-05,6.5686e-06
Bloom-176B,H100x8,8,4,64,0.040421,0.00057745,0.00038192,3.8031e-05,6.9205e-06,3.8013e-05,1.2236e-05,8.7192e-05,1.3137e-05
Bloom-176B,H100x8,8,4,128,0.063716,0.00091023,0.00061584,4.0954e-05,9.2013e-06,5.6233e-05,1.804e-05,0.00014368,2.6274e-05
Bloom-176B,H100x8,8,4,256,0.11059,0.0015799,0.0010831,4.9782e-05,1.8312e-05,9.2674e-05,2.6766e-05,0.00025667,5.2549e-05
Bloom-176B,H100x8,8,4,512,0.20685,0.002955,0.0020354,7.686e-05,4.4493e-05,0.00016634,4.422e-05,0.00048263,0.0001051
Bloom-176B,H100x8,8,4,384,0.16211,0.0023159,0.0016077,6.6131e-05,2.8255e-05,0.0001299,3.5493e-05,0.00036965,7.8823e-05
Bloom-176B,H100x8,8,4,768,0.30502,0.0043575,0.0029609,0.00012549,9.5224e-05,0.0002479,6.1673e-05,0.0007086,0.00015765
Bloom-176B,H100x8,8,4,1024,0.40247,0.0057496,0.0038811,0.00016945,0.00015356,0.00032157,7.9189e-05,0.00093456,0.0002102
Bloom-176B,H100x8,8,4,5120,2.2897,0.032711,0.018537,0.0029288,0.0037049,0.0015634,0.00037577,0.00455,0.001051
Bloom-176B,H100x8,8,4,6144,2.8487,0.040696,0.022199,0.0041233,0.0053347,0.0018738,0.00044994,0.0054539,0.0012612
Bloom-176B,H100x8,8,4,7168,3.4468,0.04924,0.025862,0.0055814,0.0072592,0.0021843,0.0005241,0.0063577,0.0014714
Bloom-176B,H100x8,8,4,8192,4.0899,0.058427,0.029524,0.0072555,0.0096113,0.0024947,0.00059826,0.0072616,0.0016816
Bloom-176B,H100x8,8,4,1536,0.60923,0.0087033,0.0057355,0.0003297,0.00034111,0.0004768,0.00011838,0.0013865,0.00031529
Bloom-176B,H100x8,8,4,2048,0.8179,0.011684,0.007531,0.00051053,0.00059853,0.00063202,0.00015329,0.0018384,0.00042039
Bloom-176B,H100x8,8,4,3072,1.2735,0.018193,0.011212,0.0010985,0.0013397,0.00094248,0.00022745,0.0027423,0.00063059
Bloom-176B,H100x8,8,4,4096,1.7604,0.025149,0.014874,0.0018593,0.0023741,0.0012529,0.00030161,0.0036462,0.00084078
Bloom-176B,H100x8,8,6,1,0.029438,0.00042055,0.00032467,3.6857e-05,6.2346e-06,1.4395e-05,6.0547e-06,3.2025e-05,3.079e-07
Bloom-176B,H100x8,8,6,2,0.029616,0.00042309,0.00032572,3.6154e-05,6.2649e-06,1.4805e-05,6.1779e-06,3.3349e-05,6.1581e-07
Bloom-176B,H100x8,8,6,4,0.030097,0.00042995,0.00032815,3.6226e-05,6.2983e-06,1.5625e-05,6.4244e-06,3.5997e-05,1.2316e-06
Bloom-176B,H100x8,8,6,8,0.031127,0.00044467,0.00033289,3.6394e-05,6.2609e-06,1.8403e-05,6.9739e-06,4.1293e-05,2.4632e-06
Bloom-176B,H100x8,8,4,10240,5.5524,0.07932,0.036849,0.01134,0.016097,0.0031157,0.00074658,0.0090693,0.002102
Bloom-176B,H100x8,8,4,12288,7.2287,0.10327,0.044174,0.016227,0.024837,0.0037358,0.00089491,0.010877,0.0025223
Bloom-176B,H100x8,8,4,14336,8.8468,0.12638,0.051498,0.022136,0.031721,0.0043567,0.0010432,0.012685,0.0029427
Bloom-176B,H100x8,8,4,16384,10.874,0.15535,0.058823,0.028827,0.043674,0.0049776,0.0011916,0.014493,0.0033631
Bloom-176B,H100x8,8,6,16,0.033133,0.00047333,0.00034187,3.6737e-05,6.3215e-06,2.3251e-05,8.334e-06,5.1885e-05,4.9265e-06
Bloom-176B,H100x8,8,6,32,0.037353,0.00053361,0.00036333,3.7777e-05,6.5427e-06,3.2458e-05,1.0582e-05,7.3069e-05,9.8529e-06
Bloom-176B,H100x8,8,6,64,0.0525,0.00075,0.00050923,3.9592e-05,7.3508e-06,4.3141e-05,1.5542e-05,0.00011544,1.9706e-05
Bloom-176B,H100x8,8,6,128,0.088472,0.0012639,0.00087457,4.4184e-05,1.0855e-05,7.4454e-05,2.0229e-05,0.00020018,3.9412e-05
Bloom-176B,H100x8,8,6,256,0.16101,0.0023001,0.0016077,5.8057e-05,2.0502e-05,0.0001299,3.5493e-05,0.00036965,7.8823e-05
Bloom-176B,H100x8,8,6,512,0.30095,0.0042993,0.0029609,0.00010061,6.1946e-05,0.0002479,6.1673e-05,0.0007086,0.00015765
Bloom-176B,H100x8,8,6,384,0.23288,0.0033268,0.0023042,8.3748e-05,3.7529e-05,0.00019324,5.0757e-05,0.00053912,0.00011824
Bloom-176B,H100x8,8,6,768,0.44818,0.0064026,0.0043447,0.00017703,0.00013793,0.00036669,9.2202e-05,0.0010475,0.00023647
Bloom-176B,H100x8,8,6,1024,0.59544,0.0085063,0.0057355,0.00024611,0.00022772,0.0004768,0.00011838,0.0013865,0.00031529
Bloom-176B,H100x8,8,6,1536,0.90177,0.012882,0.0084517,0.00049793,0.00050688,0.00071358,0.00017509,0.0020644,0.00047294
Bloom-176B,H100x8,8,6,2048,1.2203,0.017432,0.011212,0.00078209,0.00089518,0.00094248,0.00022745,0.0027423,0.00063059
Bloom-176B,H100x8,8,6,3072,1.9048,0.027212,0.016706,0.001706,0.002007,0.0014082,0.00034087,0.0040981,0.00094588
Bloom-176B,H100x8,8,6,4096,2.639,0.0377,0.022199,0.0029015,0.0035607,0.0018738,0.00044994,0.0054539,0.0012612
Bloom-176B,H100x8,8,6,5120,3.4383,0.049119,0.027693,0.0045822,0.0055545,0.0023395,0.00056335,0.0068097,0.0015765
Bloom-176B,H100x8,8,6,6144,4.2826,0.06118,0.033186,0.0064593,0.0079993,0.0028052,0.00067242,0.0081655,0.0018918
Bloom-176B,H100x8,8,6,7168,5.187,0.0741,0.03868,0.0087507,0.010884,0.0032709,0.00078584,0.0095213,0.0022071
Bloom-176B,H100x8,8,8,4,0.030409,0.00043441,0.00032954,3.6478e-05,6.2306e-06,1.6172e-05,6.588e-06,3.7762e-05,1.6422e-06
Bloom-176B,H100x8,8,8,8,0.031759,0.00045371,0.00033574,3.6692e-05,6.2649e-06,1.9498e-05,7.4072e-06,4.4824e-05,3.2843e-06
Bloom-176B,H100x8,8,8,16,0.034454,0.0004922,0.00034863,3.7128e-05,6.3609e-06,2.5637e-05,8.9284e-06,5.8947e-05,6.5686e-06
Bloom-176B,H100x8,8,8,32,0.04043,0.00057758,0.00038192,3.8452e-05,6.6326e-06,3.8013e-05,1.2236e-05,8.7192e-05,1.3137e-05
Bloom-176B,H100x8,8,8,1,0.029513,0.00042161,0.000325,3.6868e-05,6.2346e-06,1.453e-05,6.0961e-06,3.2466e-05,4.1054e-07
Bloom-176B,H100x8,8,8,2,0.029781,0.00042544,0.0003264,3.6386e-05,6.2659e-06,1.5077e-05,6.2598e-06,3.4232e-05,8.2108e-07
Bloom-176B,H100x8,8,6,8192,6.1601,0.088001,0.044174,0.011381,0.014416,0.0037358,0.00089491,0.010877,0.0025223
Bloom-176B,H100x8,8,6,10240,8.3741,0.11963,0.055161,0.017801,0.024143,0.0046671,0.0011174,0.013589,0.0031529
Bloom-176B,H100x8,8,8,64,0.063605,0.00090864,0.00061584,4.0762e-05,7.8043e-06,5.6233e-05,1.804e-05,0.00014368,2.6274e-05
Bloom-176B,H100x8,8,8,128,0.10996,0.0015709,0.0010831,4.6607e-05,1.2508e-05,9.2674e-05,2.6766e-05,0.00025667,5.2549e-05
Bloom-176B,H100x8,8,8,256,0.20475,0.002925,0.0020354,6.4264e-05,2.7039e-05,0.00016634,4.422e-05,0.00048263,0.0001051
Bloom-176B,H100x8,8,8,384,0.29994,0.0042849,0.0029609,9.6961e-05,5.1151e-05,0.0002479,6.1673e-05,0.0007086,0.00015765
Bloom-176B,H100x8,8,8,512,0.39371,0.0056245,0.0038811,0.00011842,7.9462e-05,0.00032157,7.9189e-05,0.00093456,0.0002102
Bloom-176B,H100x8,8,8,768,0.59002,0.0084288,0.0057355,0.00021569,0.00018064,0.0004768,0.00011838,0.0013865,0.00031529
Bloom-176B,H100x8,8,8,1024,0.78265,0.011181,0.007531,0.0003036,0.00030189,0.00063202,0.00015329,0.0018384,0.00042039
Bloom-176B,H100x8,8,8,1536,1.1936,0.017052,0.011212,0.0006241,0.00067265,0.00094248,0.00022745,0.0027423,0.00063059
Bloom-176B,H100x8,8,12,1,0.02967,0.00042385,0.00032572,3.692e-05,6.2649e-06,1.4805e-05,6.1779e-06,3.3349e-05,6.1581e-07
Bloom-176B,H100x8,8,8,6144,5.6755,0.081079,0.044174,0.0082112,0.010664,0.0037358,0.00089491,0.010877,0.0025223
Bloom-176B,H100x8,8,8,7168,6.8714,0.098162,0.051498,0.011128,0.014509,0.0043567,0.0010432,0.012685,0.0029427
Bloom-176B,H100x8,8,8,8192,8.1579,0.11654,0.058823,0.014476,0.019217,0.0049776,0.0011916,0.014493,0.0033631
Bloom-176B,H100x8,8,8,2048,1.6165,0.023093,0.014874,0.00098575,0.0011918,0.0012529,0.00030161,0.0036462,0.00084078
Bloom-176B,H100x8,8,8,3072,2.5249,0.03607,0.022199,0.0021617,0.0026699,0.0018738,0.00044994,0.0054539,0.0012612
Bloom-176B,H100x8,8,8,4096,3.499,0.049986,0.029524,0.0036832,0.0047429,0.0024947,0.00059826,0.0072616,0.0016816
Bloom-176B,H100x8,8,8,5120,4.5576,0.065109,0.036849,0.0058223,0.0074042,0.0031157,0.00074658,0.0090693,0.002102
Bloom-176B,H100x8,8,12,2,0.030146,0.00043065,0.00032815,3.693e-05,6.2962e-06,1.5625e-05,6.4244e-06,3.5997e-05,1.2316e-06
Bloom-176B,H100x8,8,12,4,0.031174,0.00044534,0.00033289,3.7067e-05,6.2548e-06,1.8403e-05,6.9739e-06,4.1293e-05,2.4632e-06
Bloom-176B,H100x8,8,12,8,0.033177,0.00047395,0.00034187,3.7389e-05,6.2962e-06,2.3251e-05,8.334e-06,5.1885e-05,4.9265e-06
Bloom-176B,H100x8,8,12,16,0.037364,0.00053377,0.00036333,3.8043e-05,6.4397e-06,3.2458e-05,1.0582e-05,7.3069e-05,9.8529e-06
Bloom-176B,H100x8,8,12,512,0.58178,0.0083111,0.0057355,0.00015998,0.00011865,0.0004768,0.00011838,0.0013865,0.00031529
Bloom-176B,H100x8,8,12,384,0.43996,0.0062851,0.0043447,0.00012779,6.97e-05,0.00036669,9.2202e-05,0.0010475,0.00023647
Bloom-176B,H100x8,8,12,768,0.87147,0.01245,0.0084517,0.00030588,0.00026606,0.00071358,0.00017509,0.0020644,0.00047294
Bloom-176B,H100x8,8,12,1024,1.165,0.016643,0.011212,0.00043775,0.00045021,0.00094248,0.00022745,0.0027423,0.00063059
Bloom-176B,H100x8,8,12,32,0.052496,0.00074995,0.00050923,4.0028e-05,6.8589e-06,4.3141e-05,1.5542e-05,0.00011544,1.9706e-05
Bloom-176B,H100x8,8,12,64,0.088286,0.0012612,0.00087457,4.3493e-05,8.8972e-06,7.4454e-05,2.0229e-05,0.00020018,3.9412e-05
Bloom-176B,H100x8,8,12,128,0.16027,0.0022896,0.0016077,5.2261e-05,1.5814e-05,0.0001299,3.5493e-05,0.00036965,7.8823e-05
Bloom-176B,H100x8,8,12,256,0.29759,0.0042513,0.0029609,7.8746e-05,3.5766e-05,0.0002479,6.1673e-05,0.0007086,0.00015765
Bloom-176B,H100x8,8,16,8,0.034518,0.00049312,0.00034863,3.8085e-05,6.3265e-06,2.5637e-05,8.9284e-06,5.8947e-05,6.5686e-06
Bloom-176B,H100x8,8,16,16,0.040456,0.00057795,0.00038192,3.8957e-05,6.4962e-06,3.8013e-05,1.2236e-05,8.7192e-05,1.3137e-05
Bloom-176B,H100x8,8,16,32,0.063612,0.00090874,0.00061584,4.1604e-05,7.0619e-06,5.6233e-05,1.804e-05,0.00014368,2.6274e-05
Bloom-176B,H100x8,8,16,64,0.10972,0.0015675,0.0010831,4.6225e-05,9.4599e-06,9.2674e-05,2.6766e-05,0.00025667,5.2549e-05
Bloom-176B,H100x8,8,16,1,0.02982,0.000426,0.0003264,3.6941e-05,6.2649e-06,1.5077e-05,6.2598e-06,3.4232e-05,8.2108e-07
Bloom-176B,H100x8,8,16,2,0.030478,0.00043541,0.00032954,3.7473e-05,6.2286e-06,1.6172e-05,6.588e-06,3.7762e-05,1.6422e-06
Bloom-176B,H100x8,8,16,4,0.031826,0.00045466,0.00033574,3.7656e-05,6.2568e-06,1.9498e-05,7.4072e-06,4.4824e-05,3.2843e-06
Bloom-176B,H100x8,8,12,5120,6.8254,0.097506,0.055161,0.0087157,0.011104,0.0046671,0.0011174,0.013589,0.0031529
Bloom-176B,H100x8,8,12,1536,1.7795,0.025421,0.016706,0.0009185,0.0010043,0.0014082,0.00034087,0.0040981,0.00094588
Bloom-176B,H100x8,8,12,2048,2.4139,0.034484,0.022199,0.001461,0.0017851,0.0018738,0.00044994,0.0054539,0.0012612
Bloom-176B,H100x8,8,12,3072,3.7765,0.05395,0.033186,0.0032249,0.0040044,0.0028052,0.00067242,0.0081655,0.0018918
Bloom-176B,H100x8,8,12,4096,5.2376,0.074823,0.044174,0.0055072,0.0071117,0.0037358,0.00089491,0.010877,0.0025223
Bloom-176B,H100x8,8,16,128,0.20369,0.0029099,0.0020354,5.7914e-05,1.8312e-05,0.00016634,4.422e-05,0.00048263,0.0001051
Bloom-176B,H100x8,8,16,256,0.3895,0.0055643,0.0038811,9.3228e-05,4.4493e-05,0.00032157,7.9189e-05,0.00093456,0.0002102
Bloom-176B,H100x8,8,16,384,0.57986,0.0082837,0.0057355,0.00015862,9.2596e-05,0.0004768,0.00011838,0.0013865,0.00031529
Bloom-176B,H100x8,8,16,512,0.76512,0.01093,0.007531,0.00020154,0.00015356,0.00063202,0.00015329,0.0018384,0.00042039
Bloom-176B,H100x8,8,16,768,1.1552,0.016503,0.011212,0.00039607,0.00035148,0.00094248,0.00022745,0.0027423,0.00063059
Bloom-176B,H100x8,8,16,1024,1.546,0.022086,0.014874,0.00057191,0.00059853,0.0012529,0.00030161,0.0036462,0.00084078
Bloom-176B,H100x8,8,16,1536,2.3654,0.033791,0.022199,0.0012129,0.0013401,0.0018738,0.00044994,0.0054539,0.0012612
Bloom-176B,H100x8,8,16,2048,3.2109,0.04587,0.029524,0.0019362,0.0023741,0.0024947,0.00059826,0.0072616,0.0016816
Bloom-176B,H100x8,8,24,1,0.030152,0.00043074,0.00032815,3.7013e-05,6.2952e-06,1.5625e-05,6.4244e-06,3.5997e-05,1.2316e-06
Bloom-176B,H100x8,8,24,2,0.031278,0.00044683,0.00033289,3.8559e-05,6.2518e-06,1.8403e-05,6.9739e-06,4.1293e-05,2.4632e-06
Bloom-176B,H100x8,8,16,3072,5.0278,0.071826,0.044174,0.0042881,0.0053345,0.0037358,0.00089491,0.010877,0.0025223
Bloom-176B,H100x8,8,16,4096,6.9759,0.099655,0.058823,0.0073312,0.0094762,0.0049776,0.0011916,0.014493,0.0033631
Bloom-176B,H100x8,8,24,4,0.033277,0.00047539,0.00034187,3.8834e-05,6.2831e-06,2.3251e-05,8.334e-06,5.1885e-05,4.9265e-06
Bloom-176B,H100x8,8,24,8,0.037461,0.00053516,0.00036333,3.9477e-05,6.3882e-06,3.2458e-05,1.0582e-05,7.3069e-05,9.8529e-06
Bloom-176B,H100x8,8,24,16,0.052535,0.0007505,0.00050923,4.0785e-05,6.6538e-06,4.3141e-05,1.5542e-05,0.00011544,1.9706e-05
Bloom-176B,H100x8,8,24,32,0.08828,0.0012611,0.00087457,4.4756e-05,7.5508e-06,7.4454e-05,2.0229e-05,0.00020018,3.9412e-05
Bloom-176B,H100x8,8,24,64,0.15991,0.0022845,0.0016077,5.1687e-05,1.1243e-05,0.0001299,3.5493e-05,0.00036965,7.8823e-05
Bloom-176B,H100x8,8,24,128,0.29585,0.0042265,0.0029609,6.9221e-05,2.0502e-05,0.0002479,6.1673e-05,0.0007086,0.00015765
Bloom-176B,H100x8,8,24,256,0.57517,0.0082167,0.0057355,0.00012219,6.1946e-05,0.0004768,0.00011838,0.0013865,0.00031529
Bloom-176B,H100x8,8,24,384,0.85624,0.012232,0.0084517,0.00022028,0.00013404,0.00071358,0.00017509,0.0020644,0.00047294
Bloom-176B,H100x8,8,24,512,1.1387,0.016267,0.011212,0.00028466,0.00022772,0.00094248,0.00022745,0.0027423,0.00063059
Bloom-176B,H100x8,8,24,768,1.7218,0.024597,0.016706,0.00057646,0.00052232,0.0014082,0.00034087,0.0040981,0.00094588
Bloom-176B,H100x8,8,24,1024,2.3081,0.032973,0.022199,0.00084021,0.00089518,0.0018738,0.00044994,0.0054539,0.0012612
Bloom-176B,H100x8,8,24,1536,3.5368,0.050526,0.033186,0.0018017,0.0020032,0.0028052,0.00067242,0.0081655,0.0018918
Bloom-176B,H100x8,8,32,1,0.030449,0.00043499,0.00032954,3.7052e-05,6.2275e-06,1.6172e-05,6.588e-06,3.7762e-05,1.6422e-06
Bloom-176B,H100x8,8,32,2,0.031965,0.00045665,0.00033574,3.9645e-05,6.2528e-06,1.9498e-05,7.4072e-06,4.4824e-05,3.2843e-06
Bloom-176B,H100x8,8,32,4,0.034652,0.00049503,0.00034863,4.0013e-05,6.3094e-06,2.5637e-05,8.9284e-06,5.8947e-05,6.5686e-06
Bloom-176B,H100x8,8,24,2048,4.8056,0.068651,0.044174,0.0028867,0.0035607,0.0037358,0.00089491,0.010877,0.0025223
Bloom-176B,H100x8,8,32,8,0.040585,0.00057979,0.00038192,4.0869e-05,6.4275e-06,3.8013e-05,1.2236e-05,8.7192e-05,1.3137e-05
Bloom-176B,H100x8,8,32,16,0.063663,0.00090947,0.00061584,4.2614e-05,6.7882e-06,5.6233e-05,1.804e-05,0.00014368,2.6274e-05
Bloom-176B,H100x8,8,32,32,0.10974,0.0015678,0.0010831,4.7908e-05,8.0831e-06,9.2674e-05,2.6766e-05,0.00025667,5.2549e-05
Bloom-176B,H100x8,8,32,64,0.20327,0.0029039,0.0020354,5.7149e-05,1.3026e-05,0.00016634,4.422e-05,0.00048263,0.0001051
Bloom-176B,H100x8,8,32,128,0.38739,0.0055341,0.0038811,8.0528e-05,2.7039e-05,0.00032157,7.9189e-05,0.00093456,0.0002102
Bloom-176B,H100x8,8,32,256,0.7564,0.010806,0.007531,0.00015116,7.9462e-05,0.00063202,0.00015329,0.0018384,0.00042039
Bloom-176B,H100x8,8,32,384,1.1349,0.016212,0.011212,0.00028194,0.00017549,0.00094248,0.00022745,0.0027423,0.00063059
Bloom-176B,H100x8,8,32,512,1.511,0.021586,0.014874,0.00036778,0.00030189,0.0012529,0.00030161,0.0036462,0.00084078
Bloom-176B,H100x8,8,40,1,0.030873,0.00044104,0.00033146,3.7136e-05,6.2498e-06,1.7855e-05,6.7587e-06,3.9528e-05,2.0527e-06
Bloom-176B,H100x8,8,40,2,0.0328,0.00046857,0.00033905,4.0732e-05,6.276e-06,2.2156e-05,7.8911e-06,4.8354e-05,4.1054e-06
Bloom-176B,H100x8,8,40,4,0.036276,0.00051823,0.00035618,4.1191e-05,6.3366e-06,3.027e-05,1.0035e-05,6.6008e-05,8.2108e-06
Bloom-176B,H100x8,8,40,8,0.046834,0.00066905,0.00044847,4.2262e-05,6.4892e-06,4.0202e-05,1.3889e-05,0.00010132,1.6422e-05
Bloom-176B,H100x8,8,32,768,2.2882,0.032688,0.022199,0.00075684,0.00069316,0.0018738,0.00044994,0.0054539,0.0012612
Bloom-176B,H100x8,8,32,1024,3.0702,0.04386,0.029524,0.0011085,0.0011918,0.0024947,0.00059826,0.0072616,0.0016816
Bloom-176B,H100x8,8,32,1536,4.7085,0.067265,0.044174,0.0023905,0.0026706,0.0037358,0.00089491,0.010877,0.0025223
Bloom-176B,H100x8,8,32,2048,6.4,0.091428,0.058823,0.0038371,0.0047429,0.0049776,0.0011916,0.014493,0.0033631
Bloom-176B,H100x8,8,40,16,0.077119,0.0011017,0.00076503,4.4442e-05,6.9235e-06,6.1398e-05,1.9135e-05,0.00017193,3.2843e-05
Bloom-176B,H100x8,8,40,32,0.13745,0.0019636,0.0013845,5.106e-05,8.5932e-06,0.00011168,2.8956e-05,0.00031316,6.5686e-05
Bloom-176B,H100x8,8,40,64,0.24981,0.0035688,0.0025,6.2611e-05,1.4808e-05,0.00021146,5.2947e-05,0.00059562,0.00013137
Bloom-176B,H100x8,8,40,128,0.47997,0.0068567,0.0048083,9.1836e-05,2.9229e-05,0.00040313,0.00010093,0.0011605,0.00026274
Bloom-176B,H100x8,8,40,256,0.94145,0.013449,0.0093723,0.00018012,0.0001012,0.00078725,0.00019254,0.0022904,0.00052549
Bloom-176B,H100x8,8,40,384,1.4134,0.020191,0.013959,0.00034361,0.00021693,0.0011793,0.00028416,0.0034202,0.00078823
Bloom-176B,H100x8,8,40,512,1.8833,0.026904,0.018537,0.0004509,0.00037605,0.0015634,0.00037577,0.00455,0.001051
Bloom-176B,H100x8,8,40,768,2.8548,0.040783,0.027693,0.00093723,0.000864,0.0023395,0.00056335,0.0068097,0.0015765
Bloom-176B,H100x8,8,48,1,0.031182,0.00044546,0.00033289,3.7193e-05,6.2498e-06,1.8403e-05,6.9739e-06,4.1293e-05,2.4632e-06
Bloom-176B,H100x8,8,48,2,0.033485,0.00047836,0.00034187,4.1818e-05,6.277e-06,2.3251e-05,8.334e-06,5.1885e-05,4.9265e-06
Bloom-176B,H100x8,8,40,1024,3.8323,0.054748,0.036849,0.0013768,0.0014885,0.0031157,0.00074658,0.0090693,0.002102
Bloom-176B,H100x8,8,40,1536,5.8803,0.084004,0.055161,0.0029793,0.003338,0.0046671,0.0011174,0.013589,0.0031529
Bloom-176B,H100x8,8,48,4,0.037662,0.00053802,0.00036333,4.2369e-05,6.3629e-06,3.2458e-05,1.0582e-05,7.3069e-05,9.8529e-06
Bloom-176B,H100x8,8,48,8,0.052728,0.00075326,0.00050923,4.3654e-05,6.5508e-06,4.3141e-05,1.5542e-05,0.00011544,1.9706e-05
Bloom-176B,H100x8,8,48,16,0.088354,0.0012622,0.00087457,4.627e-05,7.0811e-06,7.4454e-05,2.0229e-05,0.00020018,3.9412e-05
Bloom-176B,H100x8,8,48,32,0.15994,0.0022849,0.0016077,5.4211e-05,9.1255e-06,0.0001299,3.5493e-05,0.00036965,7.8823e-05
Bloom-176B,H100x8,8,48,64,0.2955,0.0042214,0.0029609,6.8074e-05,1.659e-05,0.0002479,6.1673e-05,0.0007086,0.00015765
Bloom-176B,H100x8,8,48,128,0.572,0.0081714,0.0057355,0.00010314,3.5766e-05,0.0004768,0.00011838,0.0013865,0.00031529
Bloom-176B,H100x8,8,48,256,1.1258,0.016083,0.011212,0.00020908,0.00011865,0.00094248,0.00022745,0.0027423,0.00063059
Bloom-176B,H100x8,8,48,384,1.6914,0.024162,0.016706,0.00040527,0.00025838,0.0014082,0.00034087,0.0040981,0.00094588
Bloom-176B,H100x8,8,64,1,0.0318,0.00045429,0.00033574,3.7293e-05,6.2508e-06,1.9498e-05,7.4072e-06,4.4824e-05,3.2843e-06
Bloom-176B,H100x8,8,48,512,2.2556,0.032222,0.022199,0.00053402,0.00045021,0.0018738,0.00044994,0.0054539,0.0012612
Bloom-176B,H100x8,8,48,768,3.4212,0.048874,0.033186,0.0011176,0.0010351,0.0028052,0.00067242,0.0081655,0.0018918
Bloom-176B,H100x8,8,48,1024,4.5944,0.065634,0.044174,0.0016451,0.0017851,0.0037358,0.00089491,0.010877,0.0025223
Bloom-176B,H100x8,8,64,2,0.03493,0.000499,0.00034863,4.3991e-05,6.3013e-06,2.5637e-05,8.9284e-06,5.8947e-05,6.5686e-06
Bloom-176B,H100x8,8,64,4,0.040853,0.00058361,0.00038192,4.4725e-05,6.3932e-06,3.8013e-05,1.2236e-05,8.7192e-05,1.3137e-05
Bloom-176B,H100x8,8,64,8,0.063921,0.00091316,0.00061584,4.6439e-05,6.6518e-06,5.6233e-05,1.804e-05,0.00014368,2.6274e-05
Bloom-176B,H100x8,8,64,16,0.10984,0.0015691,0.0010831,4.9927e-05,7.373e-06,9.2674e-05,2.6766e-05,0.00025667,5.2549e-05
Bloom-176B,H100x8,8,64,384,2.2476,0.032108,0.022199,0.00052859,0.00034127,0.0018738,0.00044994,0.0054539,0.0012612
Bloom-176B,H100x8,8,64,512,3.0001,0.042859,0.029524,0.00070026,0.00059853,0.0024947,0.00059826,0.0072616,0.0016816
Bloom-176B,H100x8,8,64,768,4.5544,0.065063,0.044174,0.0014784,0.0013811,0.0037358,0.00089491,0.010877,0.0025223
Bloom-176B,H100x8,8,64,1024,6.1183,0.087404,0.058823,0.0021817,0.0023741,0.0049776,0.0011916,0.014493,0.0033631
Bloom-176B,H100x8,8,80,1,0.032569,0.00046527,0.00033905,3.7435e-05,6.273e-06,2.2156e-05,7.8911e-06,4.8354e-05,4.1054e-06
Bloom-176B,H100x8,8,80,2,0.036624,0.00052319,0.00035618,4.6163e-05,6.3255e-06,3.027e-05,1.0035e-05,6.6008e-05,8.2108e-06
Bloom-176B,H100x8,8,80,4,0.047168,0.00067383,0.00044847,4.7081e-05,6.4467e-06,4.0202e-05,1.3889e-05,0.00010132,1.6422e-05
Bloom-176B,H100x8,8,80,8,0.077441,0.0011063,0.00076503,4.9223e-05,6.7528e-06,6.1398e-05,1.9135e-05,0.00017193,3.2843e-05
Bloom-176B,H100x8,8,64,32,0.2033,0.0029043,0.0020354,6.0515e-05,1.0106e-05,0.00016634,4.422e-05,0.00048263,0.0001051
Bloom-176B,H100x8,8,64,64,0.38674,0.0055248,0.0038811,7.8998e-05,1.9217e-05,0.00032157,7.9189e-05,0.00093456,0.0002102
Bloom-176B,H100x8,8,64,128,0.75218,0.010745,0.007531,0.00012576,4.4493e-05,0.00063202,0.00015329,0.0018384,0.00042039
Bloom-176B,H100x8,8,64,256,1.4936,0.021336,0.014874,0.00026701,0.00015356,0.0012529,0.00030161,0.0036462,0.00084078
Bloom-176B,H100x8,8,80,16,0.13756,0.0019652,0.0013845,5.3584e-05,7.6498e-06,0.00011168,2.8956e-05,0.00031316,6.5686e-05
Bloom-176B,H100x8,8,80,32,0.24989,0.0035698,0.0025,6.6819e-05,1.1665e-05,0.00021146,5.2947e-05,0.00059562,0.00013137
Bloom-176B,H100x8,8,80,64,0.47921,0.0068458,0.0048083,8.9923e-05,2.0312e-05,0.00040313,0.00010093,0.0011605,0.00026274
Bloom-176B,H100x8,8,80,128,0.93587,0.01337,0.0093723,0.00014837,5.3219e-05,0.00078725,0.00019254,0.0022904,0.00052549
Bloom-176B,H100x8,8,96,1,0.033186,0.00047409,0.00034187,3.7549e-05,6.274e-06,2.3251e-05,8.334e-06,5.1885e-05,4.9265e-06
Bloom-176B,H100x8,8,96,2,0.038078,0.00054398,0.00036333,4.8336e-05,6.3498e-06,3.2458e-05,1.0582e-05,7.3069e-05,9.8529e-06
Bloom-176B,H100x8,8,96,4,0.05313,0.000759,0.00050923,4.9438e-05,6.4993e-06,4.3141e-05,1.5542e-05,0.00011544,1.9706e-05
Bloom-176B,H100x8,8,96,8,0.088741,0.0012677,0.00087457,5.2008e-05,6.876e-06,7.4454e-05,2.0229e-05,0.00020018,3.9412e-05
Bloom-176B,H100x8,8,80,256,1.8616,0.026595,0.018537,0.00032494,0.00019282,0.0015634,0.00037577,0.00455,0.001051
Bloom-176B,H100x8,8,80,384,2.8041,0.040058,0.027693,0.00065191,0.00042416,0.0023395,0.00056335,0.0068097,0.0015765
Bloom-176B,H100x8,8,80,512,3.7447,0.053496,0.036849,0.0008665,0.00074686,0.0031157,0.00074658,0.0090693,0.002102
Bloom-176B,H100x8,8,80,768,5.6874,0.081249,0.055161,0.0018392,0.0017228,0.0046671,0.0011174,0.013589,0.0031529
Bloom-176B,H100x8,8,96,16,0.16007,0.0022868,0.0016077,5.7241e-05,7.9932e-06,0.0001299,3.5493e-05,0.00036965,7.8823e-05
Bloom-176B,H100x8,8,96,32,0.29555,0.0042221,0.0029609,7.3123e-05,1.2212e-05,0.0002479,6.1673e-05,0.0007086,0.00015765
Bloom-176B,H100x8,8,96,64,0.57083,0.0081548,0.0057355,0.00010085,2.1407e-05,0.0004768,0.00011838,0.0013865,0.00031529
Bloom-176B,H100x8,8,96,128,1.1192,0.015988,0.011212,0.00017099,6.1946e-05,0.00094248,0.00022745,0.0027423,0.00063059
Bloom-176B,H100x8,8,512,2,0.11364,0.0016235,0.0010831,0.00010483,6.8942e-06,9.2674e-05,2.6766e-05,0.00025667,5.2549e-05
Bloom-176B,H100x8,8,512,4,0.20665,0.0029521,0.0020354,0.0001107,7.6993e-06,0.00016634,4.422e-05,0.00048263,0.0001051
Bloom-176B,H100x8,8,512,8,0.38926,0.0055609,0.0038811,0.00012441,9.8821e-06,0.00032157,7.9189e-05,0.00093456,0.0002102
Bloom-176B,H100x8,8,512,16,0.75212,0.010745,0.007531,0.00015232,1.7052e-05,0.00063202,0.00015329,0.0018384,0.00042039
Bloom-176B,H100x8,8,256,4,0.11142,0.0015917,0.0010831,7.3001e-05,6.9629e-06,9.2674e-05,2.6766e-05,0.00025667,5.2549e-05
Bloom-176B,H100x8,8,256,8,0.20451,0.0029215,0.0020354,7.9855e-05,7.973e-06,0.00016634,4.422e-05,0.00048263,0.0001051
Bloom-176B,H100x8,8,256,16,0.38722,0.0055318,0.0038811,9.3809e-05,1.1392e-05,0.00032157,7.9189e-05,0.00093456,0.0002102
Bloom-176B,H100x8,8,256,32,0.7513,0.010733,0.007531,0.00013616,2.148e-05,0.00063202,0.00015329,0.0018384,0.00042039
Bloom-176B,H100x8,8,512,1,0.063512,0.00090732,0.00061584,4.0713e-05,6.5316e-06,5.6233e-05,1.804e-05,0.00014368,2.6274e-05
Bloom-176B,H100x8,8,256,64,1.4821,0.021173,0.014874,0.00021009,4.7457e-05,0.0012529,0.00030161,0.0036462,0.00084078
Bloom-176B,H100x8,8,256,128,2.9478,0.042111,0.029524,0.00039713,0.00015356,0.0024947,0.00059826,0.0072616,0.0016816
Bloom-176B,H100x8,8,256,256,5.9086,0.084409,0.058823,0.00096215,0.00059853,0.0049776,0.0011916,0.014493,0.0033631
Bloom-176B,H100x8,8,256,1,0.040434,0.00057762,0.00038192,3.8762e-05,6.368e-06,3.8013e-05,1.2236e-05,8.7192e-05,1.3137e-05
Bloom-176B,H100x8,8,256,2,0.065568,0.00093668,0.00061584,7.0063e-05,6.5488e-06,5.6233e-05,1.804e-05,0.00014368,2.6274e-05
Bloom-176B,H100x8,8,128,384,4.4729,0.063898,0.044174,0.0010219,0.00067283,0.0037358,0.00089491,0.010877,0.0025223
Bloom-176B,H100x8,8,128,512,5.9784,0.085405,0.058823,0.0013652,0.0011918,0.0049776,0.0011916,0.014493,0.0033631
Bloom-176B,H100x8,8,128,32,0.38686,0.0055265,0.0038811,8.5731e-05,1.4207e-05,0.00032157,7.9189e-05,0.00093456,0.0002102
Bloom-176B,H100x8,8,128,64,0.75085,0.010726,0.007531,0.0001227,2.8631e-05,0.00063202,0.00015329,0.0018384,0.00042039
Bloom-176B,H100x8,8,128,128,1.4848,0.021212,0.014874,0.00021621,7.9462e-05,0.0012529,0.00030161,0.0036462,0.00084078
Bloom-176B,H100x8,8,128,256,2.9653,0.042361,0.029524,0.00049872,0.00030189,0.0024947,0.00059826,0.0072616,0.0016816
Bloom-176B,H100x8,8,1024,1,0.10943,0.0015632,0.0010831,4.4615e-05,6.8599e-06,9.2674e-05,2.6766e-05,0.00025667,5.2549e-05
Bloom-176B,H100x8,8,512,32,1.483,0.021186,0.014874,0.00023702,3.3156e-05,0.0012529,0.00030161,0.0036462,0.00084078
Bloom-176B,H100x8,8,512,64,2.9421,0.04203,0.029524,0.00038489,8.5109e-05,0.0024947,0.00059826,0.0072616,0.0016816
Bloom-176B,H100x8,8,512,128,5.8736,0.083909,0.058823,0.00075895,0.00030189,0.0049776,0.0011916,0.014493,0.0033631
Bloom-176B,H100x8,8,1024,2,0.21109,0.0030156,0.0020354,0.00017435,7.5629e-06,0.00016634,4.422e-05,0.00048263,0.0001051
Bloom-176B,H100x8,8,1024,4,0.39353,0.0056219,0.0038811,0.0001861,9.173e-06,0.00032157,7.9189e-05,0.00093456,0.0002102
Bloom-176B,H100x8,8,1024,8,0.75617,0.010802,0.007531,0.00021352,1.3813e-05,0.00063202,0.00015329,0.0018384,0.00042039
Bloom-176B,H100x8,8,1024,16,1.4848,0.021212,0.014874,0.00026934,2.6458e-05,0.0012529,0.00030161,0.0036462,0.00084078
Bloom-176B,H100x8,8,1024,32,2.9439,0.042055,0.029524,0.00043874,5.6507e-05,0.0024947,0.00059826,0.0072616,0.0016816
Bloom-176B,H100x8,8,1024,64,5.8624,0.083748,0.058823,0.00073447,0.00016545,0.0049776,0.0011916,0.014493,0.0033631
Bloom-176B,H100x8,8,128,1,0.034496,0.0004928,0.00034863,3.779e-05,6.2972e-06,2.5637e-05,8.9284e-06,5.8947e-05,6.5686e-06
Bloom-176B,H100x8,8,96,256,2.2294,0.031849,0.022199,0.00038287,0.00022772,0.0018738,0.00044994,0.0054539,0.0012612
Bloom-176B,H100x8,8,96,384,3.3602,0.048004,0.033186,0.00077523,0.00050705,0.0028052,0.00067242,0.0081655,0.0018918
Bloom-176B,H100x8,8,96,512,4.4892,0.064132,0.044174,0.0010327,0.00089518,0.0037358,0.00089491,0.010877,0.0025223
Bloom-176B,H100x8,8,128,2,0.041409,0.00059155,0.00038192,5.2681e-05,6.376e-06,3.8013e-05,1.2236e-05,8.7192e-05,1.3137e-05
Bloom-176B,H100x8,8,128,4,0.064456,0.00092081,0.00061584,5.415e-05,6.5831e-06,5.6233e-05,1.804e-05,0.00014368,2.6274e-05
Bloom-176B,H100x8,8,128,8,0.11035,0.0015764,0.0010831,5.7578e-05,7.0993e-06,9.2674e-05,2.6766e-05,0.00025667,5.2549e-05
Bloom-176B,H100x8,8,128,16,0.20349,0.0029069,0.0020354,6.4555e-05,8.6831e-06,0.00016634,4.422e-05,0.00048263,0.0001051
Bloom-176B,Prefill_1365GBs_160GB_160core_54MBx8,8,1,64,0.050353,0.00071932,0.00058892,3.6598e-05,6.3574e-06,2.5802e-05,8.7556e-06,4.4824e-05,8.0643e-06
Bloom-176B,Prefill_1365GBs_160GB_160core_54MBx8,8,1,32,0.048076,0.00068679,0.00057654,3.5977e-05,6.1508e-06,1.9197e-05,7.1381e-06,3.7762e-05,4.0322e-06
Bloom-176B,Prefill_1365GBs_160GB_160core_54MBx8,8,1,128,0.054968,0.00078526,0.00061383,3.8225e-05,7.4175e-06,3.8655e-05,1.2059e-05,5.8947e-05,1.6129e-05
Bloom-176B,Prefill_1365GBs_160GB_160core_54MBx8,8,1,16,0.046968,0.00067098,0.00057007,3.5677e-05,6.0557e-06,1.6508e-05,6.4168e-06,3.4232e-05,2.0161e-06
Bloom-176B,Prefill_1365GBs_160GB_160core_54MBx8,8,1,1,0.046023,0.00065747,0.00056437,3.6319e-05,6.0022e-06,1.3988e-05,5.7441e-06,3.0922e-05,1.26e-07
Bloom-176B,Prefill_1365GBs_160GB_160core_54MBx8,8,1,2,0.046029,0.00065756,0.00056476,3.5468e-05,6.0022e-06,1.4156e-05,5.7862e-06,3.1142e-05,2.5201e-07
Bloom-176B,Prefill_1365GBs_160GB_160core_54MBx8,8,1,8,0.04643,0.00066329,0.00056703,3.5554e-05,6.0066e-06,1.5164e-05,6.0572e-06,3.2466e-05,1.008e-06
Bloom-176B,Prefill_1365GBs_160GB_160core_54MBx8,8,1,4,0.046174,0.00065963,0.00056567,3.5495e-05,6.0033e-06,1.4493e-05,5.8769e-06,3.1584e-05,5.0402e-07
Bloom-176B,Prefill_1365GBs_160GB_160core_54MBx8,8,1,256,0.064212,0.00091731,0.00066063,4.2438e-05,1.2332e-05,6.4367e-05,1.8096e-05,8.7192e-05,3.2257e-05
Bloom-176B,Prefill_1365GBs_160GB_160core_54MBx8,8,1,512,0.084515,0.0012074,0.0007745,5.6544e-05,3.069e-05,0.00010689,3.0535e-05,0.00014368,6.4515e-05
Bloom-176B,Prefill_1365GBs_160GB_160core_54MBx8,8,1,384,0.073998,0.0010571,0.00072222,4.9511e-05,2.0425e-05,7.6342e-05,2.4793e-05,0.00011544,4.8386e-05
Bloom-176B,Prefill_1365GBs_160GB_160core_54MBx8,8,1,768,0.11,0.0015714,0.00095355,7.8978e-05,5.4703e-05,0.00014942,3.7797e-05,0.00020018,9.6772e-05
Bloom-176B,Prefill_1365GBs_160GB_160core_54MBx8,8,1,1024,0.13931,0.0019902,0.0011601,0.00010596,9.4586e-05,0.00019194,5.1834e-05,0.00025667,0.00012903
Bloom-176B,Prefill_1365GBs_160GB_160core_54MBx8,8,1,2048,0.27618,0.0039454,0.0021063,0.00028937,0.00035256,0.00036204,9.4432e-05,0.00048263,0.00025806
Bloom-176B,Prefill_1365GBs_160GB_160core_54MBx8,8,1,1536,0.20718,0.0029597,0.001659,0.00018607,0.00020132,0.00027699,7.3133e-05,0.00036965,0.00019354
Bloom-176B,Prefill_1365GBs_160GB_160core_54MBx8,8,1,3072,0.45505,0.0065007,0.0033419,0.00060727,0.00078669,0.00053215,0.00013703,0.0007086,0.00038709
Bloom-176B,Prefill_1365GBs_160GB_160core_54MBx8,8,1,4096,0.63001,0.0090001,0.0042619,0.0010089,0.0013937,0.00070532,0.00017963,0.00093456,0.00051612
Bloom-176B,Prefill_1365GBs_160GB_160core_54MBx8,8,1,6144,1.0501,0.015001,0.006162,0.0022315,0.0031291,0.0010522,0.00026555,0.0013865,0.00077417
Bloom-176B,Prefill_1365GBs_160GB_160core_54MBx8,8,1,5120,0.83081,0.011869,0.0052152,0.0015725,0.0021744,0.00087878,0.00022222,0.0011605,0.00064515
Bloom-176B,Prefill_1365GBs_160GB_160core_54MBx8,8,1,7168,1.2905,0.018435,0.0071123,0.0030081,0.0042566,0.0012336,0.00030892,0.0016125,0.0009032
Bloom-176B,Prefill_1365GBs_160GB_160core_54MBx8,8,1,8192,1.5469,0.022099,0.0080581,0.0038558,0.005558,0.0014037,0.00035229,0.0018384,0.0010322
Bloom-176B,Prefill_1365GBs_160GB_160core_54MBx8,8,1,10240,2.1305,0.030436,0.0099493,0.0060392,0.0086814,0.0017464,0.00043902,0.0022904,0.0012903
Bloom-176B,Prefill_1365GBs_160GB_160core_54MBx8,8,1,12288,2.7917,0.039881,0.011821,0.0086496,0.0125,0.0020934,0.00052575,0.0027423,0.0015483
Bloom-176B,Prefill_1365GBs_160GB_160core_54MBx8,8,1,14336,3.5321,0.050459,0.013657,0.011729,0.01701,0.0024453,0.00061615,0.0031942,0.0018064
Bloom-176B,Prefill_1365GBs_160GB_160core_54MBx8,8,2,32,0.050344,0.0007192,0.00058892,3.6653e-05,6.1847e-06,2.5802e-05,8.7556e-06,4.4824e-05,8.0643e-06
Bloom-176B,Prefill_1365GBs_160GB_160core_54MBx8,8,2,64,0.054896,0.00078424,0.00061383,3.7897e-05,6.7191e-06,3.8655e-05,1.2059e-05,5.8947e-05,1.6129e-05
Bloom-176B,Prefill_1365GBs_160GB_160core_54MBx8,8,2,8,0.046977,0.0006711,0.00057007,3.5807e-05,6.0448e-06,1.6508e-05,6.4168e-06,3.4232e-05,2.0161e-06
Bloom-176B,Prefill_1365GBs_160GB_160core_54MBx8,8,2,16,0.048078,0.00068683,0.00057654,3.6054e-05,6.1093e-06,1.9197e-05,7.1381e-06,3.7762e-05,4.0322e-06
Bloom-176B,Prefill_1365GBs_160GB_160core_54MBx8,8,2,1,0.04609,0.00065843,0.00056476,3.6331e-05,6.0022e-06,1.4156e-05,5.7862e-06,3.1142e-05,2.5201e-07
Bloom-176B,Prefill_1365GBs_160GB_160core_54MBx8,8,2,4,0.04644,0.00066342,0.00056703,3.5689e-05,6.0044e-06,1.5164e-05,6.0572e-06,3.2466e-05,1.008e-06
Bloom-176B,Prefill_1365GBs_160GB_160core_54MBx8,8,2,2,0.046184,0.00065977,0.00056567,3.5637e-05,6.0022e-06,1.4493e-05,5.8769e-06,3.1584e-05,5.0402e-07
Bloom-176B,Prefill_1365GBs_160GB_160core_54MBx8,8,1,16384,4.3546,0.062209,0.015515,0.015279,0.022215,0.0027876,0.00070134,0.0036462,0.0020645
Bloom-176B,Prefill_1365GBs_160GB_160core_54MBx8,8,2,128,0.063892,0.00091274,0.00066063,4.1149e-05,9.0536e-06,6.4367e-05,1.8096e-05,8.7192e-05,3.2257e-05
Bloom-176B,Prefill_1365GBs_160GB_160core_54MBx8,8,2,256,0.083165,0.0011881,0.0007745,4.9575e-05,1.8369e-05,0.00010689,3.0535e-05,0.00014368,6.4515e-05
Bloom-176B,Prefill_1365GBs_160GB_160core_54MBx8,8,2,512,0.13436,0.0019194,0.0011601,7.7787e-05,5.1989e-05,0.00019194,5.1834e-05,0.00025667,0.00012903
Bloom-176B,Prefill_1365GBs_160GB_160core_54MBx8,8,2,384,0.10736,0.0015337,0.00095355,6.3722e-05,3.223e-05,0.00014942,3.7797e-05,0.00020018,9.6772e-05
Bloom-176B,Prefill_1365GBs_160GB_160core_54MBx8,8,2,1024,0.25619,0.0036599,0.0021063,0.00017661,0.00017978,0.00036204,9.4432e-05,0.00048263,0.00025806
Bloom-176B,Prefill_1365GBs_160GB_160core_54MBx8,8,2,768,0.19587,0.0027981,0.001659,0.00012266,0.00010312,0.00027699,7.3133e-05,0.00036965,0.00019354
Bloom-176B,Prefill_1365GBs_160GB_160core_54MBx8,8,2,1536,0.40877,0.0058395,0.0033419,0.00033685,0.00039592,0.00053215,0.00013703,0.0007086,0.00038709
Bloom-176B,Prefill_1365GBs_160GB_160core_54MBx8,8,2,2048,0.54897,0.0078425,0.0042619,0.00054344,0.0007015,0.00070532,0.00017963,0.00093456,0.00051612
Bloom-176B,Prefill_1365GBs_160GB_160core_54MBx8,8,2,3072,0.86708,0.012387,0.006162,0.0011792,0.0015672,0.0010522,0.00026555,0.0013865,0.00077417
Bloom-176B,Prefill_1365GBs_160GB_160core_54MBx8,8,2,4096,1.2214,0.017449,0.0080581,0.0019825,0.0027817,0.0014037,0.00035229,0.0018384,0.0010322
Bloom-176B,Prefill_1365GBs_160GB_160core_54MBx8,8,2,5120,1.6218,0.023168,0.0099493,0.0031097,0.0043433,0.0017464,0.00043902,0.0022904,0.0012903
Bloom-176B,Prefill_1365GBs_160GB_160core_54MBx8,8,2,6144,2.0588,0.029411,0.011821,0.0044277,0.0062521,0.0020934,0.00052575,0.0027423,0.0015483
Bloom-176B,Prefill_1365GBs_160GB_160core_54MBx8,8,2,7168,2.5348,0.036211,0.013657,0.0059809,0.008511,0.0024453,0.00061615,0.0031942,0.0018064
Bloom-176B,Prefill_1365GBs_160GB_160core_54MBx8,8,2,8192,3.0451,0.043501,0.015515,0.0076762,0.01111,0.0027876,0.00070134,0.0036462,0.0020645
Bloom-176B,Prefill_1365GBs_160GB_160core_54MBx8,8,2,10240,4.2084,0.06012,0.019224,0.012043,0.017362,0.0034869,0.00087285,0.00455,0.0025806
Bloom-176B,Prefill_1365GBs_160GB_160core_54MBx8,8,2,12288,5.5273,0.078961,0.022933,0.017264,0.024992,0.0041756,0.0010463,0.0054539,0.0030967
Bloom-176B,Prefill_1365GBs_160GB_160core_54MBx8,8,3,4,0.046719,0.00066741,0.00056855,3.5884e-05,6.0383e-06,1.5837e-05,6.2376e-06,3.3349e-05,1.5121e-06
Bloom-176B,Prefill_1365GBs_160GB_160core_54MBx8,8,3,8,0.047549,0.00067927,0.00057347,3.6061e-05,6.0831e-06,1.7852e-05,6.7785e-06,3.5997e-05,3.0241e-06
Bloom-176B,Prefill_1365GBs_160GB_160core_54MBx8,8,3,16,0.049265,0.00070378,0.0005829,3.6431e-05,6.0798e-06,2.3114e-05,7.9217e-06,4.1293e-05,6.0482e-06
Bloom-176B,Prefill_1365GBs_160GB_160core_54MBx8,8,3,32,0.052696,0.0007528,0.00060175,3.733e-05,6.2929e-06,3.2966e-05,1.0479e-05,5.1885e-05,1.2096e-05
Bloom-176B,Prefill_1365GBs_160GB_160core_54MBx8,8,3,1,0.046158,0.00065939,0.00056515,3.6343e-05,6.0022e-06,1.4325e-05,5.8343e-06,3.1363e-05,3.7801e-07
Bloom-176B,Prefill_1365GBs_160GB_160core_54MBx8,8,3,2,0.046316,0.00066166,0.00056628,3.5805e-05,6.0022e-06,1.4829e-05,5.9665e-06,3.2025e-05,7.5603e-07
Bloom-176B,Prefill_1365GBs_160GB_160core_54MBx8,8,2,14336,7.0101,0.10014,0.026642,0.023423,0.034015,0.0048698,0.0012231,0.0063577,0.0036128
Bloom-176B,Prefill_1365GBs_160GB_160core_54MBx8,8,2,16384,8.6557,0.12365,0.030351,0.030523,0.044425,0.0055702,0.0013935,0.0072616,0.0041289
Bloom-176B,Prefill_1365GBs_160GB_160core_54MBx8,8,3,2048,0.80392,0.011485,0.006162,0.00079751,0.0010466,0.0010522,0.00026555,0.0013865,0.00077417
Bloom-176B,Prefill_1365GBs_160GB_160core_54MBx8,8,3,3072,1.2813,0.018304,0.0090096,0.0017512,0.0023479,0.0015738,0.00039565,0.0020644,0.0011613
Bloom-176B,Prefill_1365GBs_160GB_160core_54MBx8,8,3,4096,1.8102,0.02586,0.011821,0.0029562,0.0041726,0.0020934,0.00052575,0.0027423,0.0015483
Bloom-176B,Prefill_1365GBs_160GB_160core_54MBx8,8,3,5120,2.4067,0.034382,0.014591,0.0046468,0.0065141,0.0026154,0.00065875,0.0034202,0.0019354
Bloom-176B,Prefill_1365GBs_160GB_160core_54MBx8,8,3,64,0.059403,0.00084861,0.00063739,3.9195e-05,7.1082e-06,5.2246e-05,1.5407e-05,7.3069e-05,2.4193e-05
Bloom-176B,Prefill_1365GBs_160GB_160core_54MBx8,8,3,128,0.072952,0.0010422,0.00072222,4.4074e-05,1.0919e-05,7.6342e-05,2.4793e-05,0.00011544,4.8386e-05
Bloom-176B,Prefill_1365GBs_160GB_160core_54MBx8,8,3,256,0.10636,0.0015195,0.00095355,5.6713e-05,2.5066e-05,0.00014942,3.7797e-05,0.00020018,9.6772e-05
Bloom-176B,Prefill_1365GBs_160GB_160core_54MBx8,8,3,384,0.15348,0.0021926,0.0013815,7.7933e-05,4.2102e-05,0.00020644,5.4522e-05,0.00028491,0.00014516
Bloom-176B,Prefill_1365GBs_160GB_160core_54MBx8,8,3,512,0.19213,0.0027447,0.001659,9.9031e-05,7.3288e-05,0.00027699,7.3133e-05,0.00036965,0.00019354
Bloom-176B,Prefill_1365GBs_160GB_160core_54MBx8,8,3,1024,0.39339,0.0056198,0.0033419,0.00024727,0.00026583,0.00053215,0.00013703,0.0007086,0.00038709
Bloom-176B,Prefill_1365GBs_160GB_160core_54MBx8,8,3,768,0.31099,0.0044427,0.0027877,0.00016633,0.00015186,0.00040457,0.00010285,0.00053912,0.00029032
Bloom-176B,Prefill_1365GBs_160GB_160core_54MBx8,8,3,1536,0.59077,0.0084395,0.0047397,0.00048762,0.00059107,0.00079205,0.00020093,0.0010475,0.00058063
Bloom-176B,Prefill_1365GBs_160GB_160core_54MBx8,8,4,2,0.046454,0.00066362,0.00056703,3.5889e-05,6.0033e-06,1.5164e-05,6.0572e-06,3.2466e-05,1.008e-06
Bloom-176B,Prefill_1365GBs_160GB_160core_54MBx8,8,4,4,0.046988,0.00067126,0.00057007,3.5981e-05,6.0394e-06,1.6508e-05,6.4168e-06,3.4232e-05,2.0161e-06
Bloom-176B,Prefill_1365GBs_160GB_160core_54MBx8,8,4,16,0.050336,0.00071909,0.00058892,3.662e-05,6.1006e-06,2.5802e-05,8.7556e-06,4.4824e-05,8.0643e-06
Bloom-176B,Prefill_1365GBs_160GB_160core_54MBx8,8,4,8,0.048086,0.00068694,0.00057654,3.6187e-05,6.0885e-06,1.9197e-05,7.1381e-06,3.7762e-05,4.0322e-06
Bloom-176B,Prefill_1365GBs_160GB_160core_54MBx8,8,3,6144,3.0597,0.04371,0.01737,0.0066239,0.0093753,0.0031345,0.00078654,0.0040981,0.0023225
Bloom-176B,Prefill_1365GBs_160GB_160core_54MBx8,8,3,7168,3.7752,0.053932,0.020161,0.0089537,0.012759,0.003657,0.00091622,0.004776,0.0027096
Bloom-176B,Prefill_1365GBs_160GB_160core_54MBx8,8,3,8192,4.5405,0.064865,0.022933,0.011497,0.016663,0.0041756,0.0010463,0.0054539,0.0030967
Bloom-176B,Prefill_1365GBs_160GB_160core_54MBx8,8,3,10240,6.2847,0.089782,0.028496,0.018047,0.026033,0.0052167,0.0013083,0.0068097,0.0038709
Bloom-176B,Prefill_1365GBs_160GB_160core_54MBx8,8,4,1,0.046234,0.00066049,0.00056567,3.6355e-05,6.0022e-06,1.4493e-05,5.8769e-06,3.1584e-05,5.0402e-07
Bloom-176B,Prefill_1365GBs_160GB_160core_54MBx8,8,3,12288,8.264,0.11806,0.03406,0.025878,0.037485,0.0062579,0.0015669,0.0081655,0.004645
Bloom-176B,Prefill_1365GBs_160GB_160core_54MBx8,8,3,14336,10.488,0.14983,0.039623,0.035117,0.05102,0.007299,0.00183,0.0095213,0.0054192
Bloom-176B,Prefill_1365GBs_160GB_160core_54MBx8,8,3,16384,12.956,0.18509,0.045187,0.045767,0.066635,0.0083401,0.0020874,0.010877,0.0061934
Bloom-176B,Prefill_1365GBs_160GB_160core_54MBx8,8,4,32,0.054856,0.00078366,0.00061383,3.7668e-05,6.3771e-06,3.8655e-05,1.2059e-05,5.8947e-05,1.6129e-05
Bloom-176B,Prefill_1365GBs_160GB_160core_54MBx8,8,4,64,0.06369,0.00090986,0.00066063,3.9844e-05,7.47e-06,6.4367e-05,1.8096e-05,8.7192e-05,3.2257e-05
Bloom-176B,Prefill_1365GBs_160GB_160core_54MBx8,8,4,128,0.082459,0.001178,0.0007745,4.5536e-05,1.2332e-05,0.00010689,3.0535e-05,0.00014368,6.4515e-05
Bloom-176B,Prefill_1365GBs_160GB_160core_54MBx8,8,4,256,0.13165,0.0018807,0.0011601,6.0282e-05,3.0808e-05,0.00019194,5.1834e-05,0.00025667,0.00012903
Bloom-176B,Prefill_1365GBs_160GB_160core_54MBx8,8,4,1536,0.76933,0.01099,0.006162,0.000563,0.00078693,0.0010522,0.00026555,0.0013865,0.00077417
Bloom-176B,Prefill_1365GBs_160GB_160core_54MBx8,8,4,2048,1.0502,0.015003,0.0080581,0.00092455,0.0013937,0.0014037,0.00035229,0.0018384,0.0010322
Bloom-176B,Prefill_1365GBs_160GB_160core_54MBx8,8,4,3072,1.6728,0.023898,0.011821,0.0020372,0.0031291,0.0020934,0.00052575,0.0027423,0.0015483
Bloom-176B,Prefill_1365GBs_160GB_160core_54MBx8,8,4,4096,2.3601,0.033716,0.015515,0.003443,0.005558,0.0027876,0.00070134,0.0036462,0.0020645
Bloom-176B,Prefill_1365GBs_160GB_160core_54MBx8,8,4,512,0.24554,0.0035078,0.0021063,0.00010965,9.4586e-05,0.00036204,9.4432e-05,0.00048263,0.00025806
Bloom-176B,Prefill_1365GBs_160GB_160core_54MBx8,8,4,384,0.18986,0.0027123,0.001659,8.5038e-05,5.4872e-05,0.00027699,7.3133e-05,0.00036965,0.00019354
Bloom-176B,Prefill_1365GBs_160GB_160core_54MBx8,8,4,768,0.38472,0.005496,0.0033419,0.00018817,0.00020111,0.00053215,0.00013703,0.0007086,0.00038709
Bloom-176B,Prefill_1365GBs_160GB_160core_54MBx8,8,4,1024,0.50629,0.0072327,0.0042619,0.0002826,0.00035256,0.00070532,0.00017963,0.00093456,0.00051612
Bloom-176B,Prefill_1365GBs_160GB_160core_54MBx8,8,4,5120,3.1368,0.044811,0.019224,0.0054154,0.008681,0.0034869,0.00087285,0.00455,0.0025806
Bloom-176B,Prefill_1365GBs_160GB_160core_54MBx8,8,4,6144,3.9848,0.056926,0.022933,0.007722,0.012499,0.0041756,0.0010463,0.0054539,0.0030967
Bloom-176B,Prefill_1365GBs_160GB_160core_54MBx8,8,4,7168,4.911,0.070157,0.026642,0.01044,0.017012,0.0048698,0.0012231,0.0063577,0.0036128
Bloom-176B,Prefill_1365GBs_160GB_160core_54MBx8,8,4,8192,5.9029,0.084327,0.030351,0.013407,0.022215,0.0055702,0.0013935,0.0072616,0.0041289
Bloom-176B,Prefill_1365GBs_160GB_160core_54MBx8,8,4,10240,8.1518,0.11645,0.037769,0.021049,0.034713,0.0069521,0.0017403,0.0090693,0.0051612
Bloom-176B,Prefill_1365GBs_160GB_160core_54MBx8,8,4,12288,10.699,0.15285,0.045187,0.030185,0.049979,0.0083401,0.0020874,0.010877,0.0061934
Bloom-176B,Prefill_1365GBs_160GB_160core_54MBx8,8,4,14336,13.558,0.19368,0.052605,0.040964,0.068026,0.0097367,0.0024369,0.012685,0.0072256
Bloom-176B,Prefill_1365GBs_160GB_160core_54MBx8,8,4,16384,16.723,0.23891,0.060023,0.053388,0.088845,0.011119,0.0027815,0.014493,0.0082579
Bloom-176B,Prefill_1365GBs_160GB_160core_54MBx8,8,6,1,0.046356,0.00066223,0.00056628,3.6376e-05,6.0022e-06,1.4829e-05,5.9665e-06,3.2025e-05,7.5603e-07
Bloom-176B,Prefill_1365GBs_160GB_160core_54MBx8,8,6,2,0.046742,0.00066775,0.00056855,3.6226e-05,6.0361e-06,1.5837e-05,6.2376e-06,3.3349e-05,1.5121e-06
Bloom-176B,Prefill_1365GBs_160GB_160core_54MBx8,8,6,4,0.04757,0.00067957,0.00057347,3.637e-05,6.0754e-06,1.7852e-05,6.7785e-06,3.5997e-05,3.0241e-06
Bloom-176B,Prefill_1365GBs_160GB_160core_54MBx8,8,6,8,0.049281,0.00070401,0.0005829,3.6695e-05,6.0481e-06,2.3114e-05,7.9217e-06,4.1293e-05,6.0482e-06
Bloom-176B,Prefill_1365GBs_160GB_160core_54MBx8,8,6,256,0.18795,0.002685,0.001659,7.4557e-05,3.807e-05,0.00027699,7.3133e-05,0.00036965,0.00019354
Bloom-176B,Prefill_1365GBs_160GB_160core_54MBx8,8,6,512,0.37772,0.0053961,0.0033419,0.00015214,0.00013718,0.00053215,0.00013703,0.0007086,0.00038709
Bloom-176B,Prefill_1365GBs_160GB_160core_54MBx8,8,6,384,0.30217,0.0043167,0.0027877,0.00011346,7.8748e-05,0.00040457,0.00010285,0.00053912,0.00029032
Bloom-176B,Prefill_1365GBs_160GB_160core_54MBx8,8,6,768,0.55542,0.0079346,0.0047397,0.00027553,0.00029826,0.00079205,0.00020093,0.0010475,0.00058063
Bloom-176B,Prefill_1365GBs_160GB_160core_54MBx8,8,6,16,0.05269,0.00075272,0.00060175,3.7374e-05,6.1672e-06,3.2966e-05,1.0479e-05,5.1885e-05,1.2096e-05
Bloom-176B,Prefill_1365GBs_160GB_160core_54MBx8,8,6,32,0.059354,0.00084792,0.00063739,3.9021e-05,6.5935e-06,5.2246e-05,1.5407e-05,7.3069e-05,2.4193e-05
Bloom-176B,Prefill_1365GBs_160GB_160core_54MBx8,8,6,64,0.072654,0.0010379,0.00072222,4.2441e-05,8.2874e-06,7.6342e-05,2.4793e-05,0.00011544,4.8386e-05
Bloom-176B,Prefill_1365GBs_160GB_160core_54MBx8,8,6,128,0.10533,0.0015048,0.00095355,5.1385e-05,1.568e-05,0.00014942,3.7797e-05,0.00020018,9.6772e-05
Bloom-176B,Prefill_1365GBs_160GB_160core_54MBx8,8,6,1024,0.74133,0.01059,0.006162,0.00042391,0.00052602,0.0010522,0.00026555,0.0013865,0.00077417
Bloom-176B,Prefill_1365GBs_160GB_160core_54MBx8,8,6,1536,1.1372,0.016246,0.0090096,0.00086455,0.0011767,0.0015738,0.00039565,0.0020644,0.0011613
Bloom-176B,Prefill_1365GBs_160GB_160core_54MBx8,8,6,2048,1.5576,0.022252,0.011821,0.0014327,0.0020877,0.0020934,0.00052575,0.0027423,0.0015483
Bloom-176B,Prefill_1365GBs_160GB_160core_54MBx8,8,6,3072,2.4908,0.035583,0.01737,0.0031811,0.0046904,0.0031345,0.00078654,0.0040981,0.0023225
Bloom-176B,Prefill_1365GBs_160GB_160core_54MBx8,8,6,4096,3.5302,0.050431,0.022933,0.0053902,0.0083358,0.0041756,0.0010463,0.0054539,0.0030967
Bloom-176B,Prefill_1365GBs_160GB_160core_54MBx8,8,6,5120,4.7047,0.06721,0.028496,0.0084898,0.013019,0.0052167,0.0013083,0.0068097,0.0038709
Bloom-176B,Prefill_1365GBs_160GB_160core_54MBx8,8,6,6144,5.9888,0.085555,0.03406,0.012114,0.018745,0.0062579,0.0015669,0.0081655,0.004645
Bloom-176B,Prefill_1365GBs_160GB_160core_54MBx8,8,6,7168,7.3914,0.10559,0.039623,0.016386,0.025513,0.007299,0.00183,0.0095213,0.0054192
Bloom-176B,Prefill_1365GBs_160GB_160core_54MBx8,8,8,1,0.046489,0.00066413,0.00056703,3.64e-05,6.0022e-06,1.5164e-05,6.0572e-06,3.2466e-05,1.008e-06
Bloom-176B,Prefill_1365GBs_160GB_160core_54MBx8,8,8,4,0.048118,0.00068741,0.00057654,3.6662e-05,6.0776e-06,1.9197e-05,7.1381e-06,3.7762e-05,4.0322e-06
Bloom-176B,Prefill_1365GBs_160GB_160core_54MBx8,8,8,2,0.047023,0.00067176,0.00057007,3.6478e-05,6.0372e-06,1.6508e-05,6.4168e-06,3.4232e-05,2.0161e-06
Bloom-176B,Prefill_1365GBs_160GB_160core_54MBx8,8,6,16384,25.325,0.36179,0.089695,0.083876,0.13327,0.016669,0.0041724,0.021723,0.012387
Bloom-176B,Prefill_1365GBs_160GB_160core_54MBx8,8,6,8192,8.8937,0.12705,0.045187,0.021048,0.03332,0.0083401,0.0020874,0.010877,0.0061934
Bloom-176B,Prefill_1365GBs_160GB_160core_54MBx8,8,6,10240,12.306,0.1758,0.056314,0.033057,0.052064,0.010422,0.002608,0.013589,0.0077417
Bloom-176B,Prefill_1365GBs_160GB_160core_54MBx8,8,6,12288,16.173,0.23104,0.067441,0.047414,0.074964,0.012505,0.003129,0.0163,0.0092901
Bloom-176B,Prefill_1365GBs_160GB_160core_54MBx8,8,6,14336,20.513,0.29305,0.078568,0.064352,0.10204,0.014587,0.0036507,0.019012,0.010838
Bloom-176B,Prefill_1365GBs_160GB_160core_54MBx8,8,8,8,0.050365,0.0007195,0.00058892,3.7075e-05,6.059e-06,2.5802e-05,8.7556e-06,4.4824e-05,8.0643e-06
Bloom-176B,Prefill_1365GBs_160GB_160core_54MBx8,8,8,16,0.054864,0.00078377,0.00061383,3.7939e-05,6.2088e-06,3.8655e-05,1.2059e-05,5.8947e-05,1.6129e-05
Bloom-176B,Prefill_1365GBs_160GB_160core_54MBx8,8,8,32,0.063655,0.00090936,0.00066063,4.0036e-05,6.7847e-06,6.4367e-05,1.8096e-05,8.7192e-05,3.2257e-05
Bloom-176B,Prefill_1365GBs_160GB_160core_54MBx8,8,8,64,0.082156,0.0011737,0.0007745,4.4389e-05,9.1486e-06,0.00010689,3.0535e-05,0.00014368,6.4515e-05
Bloom-176B,Prefill_1365GBs_160GB_160core_54MBx8,8,8,128,0.13046,0.0018638,0.0011601,5.5772e-05,1.8369e-05,0.00019194,5.1834e-05,0.00025667,0.00012903
Bloom-176B,Prefill_1365GBs_160GB_160core_54MBx8,8,8,256,0.24086,0.0034409,0.0021063,8.5264e-05,5.2107e-05,0.00036204,9.4432e-05,0.00048263,0.00025806
Bloom-176B,Prefill_1365GBs_160GB_160core_54MBx8,8,8,384,0.37412,0.0053446,0.0033419,0.00013478,0.00010312,0.00053215,0.00013703,0.0007086,0.00038709
Bloom-176B,Prefill_1365GBs_160GB_160core_54MBx8,8,8,512,0.48729,0.0069613,0.0042619,0.00018401,0.00017978,0.00070532,0.00017963,0.00093456,0.00051612
Bloom-176B,Prefill_1365GBs_160GB_160core_54MBx8,8,8,768,0.72642,0.010377,0.006162,0.00034104,0.00039592,0.0010522,0.00026555,0.0013865,0.00077417
Bloom-176B,Prefill_1365GBs_160GB_160core_54MBx8,8,8,1024,0.97413,0.013916,0.0080581,0.00052989,0.0007015,0.0014037,0.00035229,0.0018384,0.0010322
Bloom-176B,Prefill_1365GBs_160GB_160core_54MBx8,8,8,1536,1.4972,0.021389,0.011821,0.0010907,0.0015672,0.0020934,0.00052575,0.0027423,0.0015483
Bloom-176B,Prefill_1365GBs_160GB_160core_54MBx8,8,8,2048,2.0517,0.02931,0.015515,0.0018138,0.0027817,0.0027876,0.00070134,0.0036462,0.0020645
Bloom-176B,Prefill_1365GBs_160GB_160core_54MBx8,8,8,3072,3.2897,0.046996,0.022933,0.0040391,0.0062521,0.0041756,0.0010463,0.0054539,0.0030967
Bloom-176B,Prefill_1365GBs_160GB_160core_54MBx8,8,8,4096,4.6666,0.066666,0.030351,0.0068506,0.01111,0.0055702,0.0013935,0.0072616,0.0041289
Bloom-176B,Prefill_1365GBs_160GB_160core_54MBx8,8,8,5120,6.2191,0.088844,0.037769,0.010796,0.017357,0.0069521,0.0017403,0.0090693,0.0051612
Bloom-176B,Prefill_1365GBs_160GB_160core_54MBx8,8,8,6144,7.916,0.11309,0.045187,0.015409,0.024992,0.0083401,0.0020874,0.010877,0.0061934
Bloom-176B,Prefill_1365GBs_160GB_160core_54MBx8,8,12,1,0.04676,0.000668,0.00056855,3.6477e-05,6.035e-06,1.5837e-05,6.2376e-06,3.3349e-05,1.5121e-06
Bloom-176B,Prefill_1365GBs_160GB_160core_54MBx8,8,12,2,0.047619,0.00068027,0.00057347,3.7067e-05,6.071e-06,1.7852e-05,6.7785e-06,3.5997e-05,3.0241e-06
Bloom-176B,Prefill_1365GBs_160GB_160core_54MBx8,8,8,14336,27.06,0.38657,0.10453,0.081893,0.13604,0.019452,0.0048645,0.025339,0.014451
Bloom-176B,Prefill_1365GBs_160GB_160core_54MBx8,8,8,16384,33.393,0.47704,0.11937,0.10674,0.17769,0.022222,0.0055578,0.028954,0.016516
Bloom-176B,Prefill_1365GBs_160GB_160core_54MBx8,8,8,7168,9.7683,0.13955,0.052605,0.020845,0.034014,0.0097367,0.0024369,0.012685,0.0072256
Bloom-176B,Prefill_1365GBs_160GB_160core_54MBx8,8,8,8192,11.751,0.16788,0.060023,0.026779,0.044425,0.011119,0.0027815,0.014493,0.0082579
Bloom-176B,Prefill_1365GBs_160GB_160core_54MBx8,8,8,10240,16.25,0.23215,0.074859,0.042063,0.069415,0.013903,0.0034755,0.018108,0.010322
Bloom-176B,Prefill_1365GBs_160GB_160core_54MBx8,8,8,12288,21.345,0.30493,0.089695,0.060335,0.09995,0.016669,0.0041724,0.021723,0.012387
Bloom-176B,Prefill_1365GBs_160GB_160core_54MBx8,8,12,512,0.71153,0.010165,0.006162,0.00025836,0.00026583,0.0010522,0.00026555,0.0013865,0.00077417
Bloom-176B,Prefill_1365GBs_160GB_160core_54MBx8,8,12,768,1.0703,0.01529,0.0090096,0.00049391,0.00059107,0.0015738,0.00039565,0.0020644,0.0011613
Bloom-176B,Prefill_1365GBs_160GB_160core_54MBx8,8,12,1024,1.4388,0.020555,0.011821,0.00077719,0.0010466,0.0020934,0.00052575,0.0027423,0.0015483
Bloom-176B,Prefill_1365GBs_160GB_160core_54MBx8,8,12,1536,2.2174,0.031678,0.01737,0.0016184,0.0023479,0.0031345,0.00078654,0.0040981,0.0023225
Bloom-176B,Prefill_1365GBs_160GB_160core_54MBx8,8,12,4,0.049325,0.00070465,0.0005829,3.7343e-05,6.0328e-06,2.3114e-05,7.9217e-06,4.1293e-05,6.0482e-06
Bloom-176B,Prefill_1365GBs_160GB_160core_54MBx8,8,12,8,0.052727,0.00075324,0.00060175,3.7962e-05,6.1038e-06,3.2966e-05,1.0479e-05,5.1885e-05,1.2096e-05
Bloom-176B,Prefill_1365GBs_160GB_160core_54MBx8,8,12,16,0.059353,0.00084791,0.00063739,3.9259e-05,6.341e-06,5.2246e-05,1.5407e-05,7.3069e-05,2.4193e-05
Bloom-176B,Prefill_1365GBs_160GB_160core_54MBx8,8,12,32,0.072574,0.0010368,0.00072222,4.2403e-05,7.1935e-06,7.6342e-05,2.4793e-05,0.00011544,4.8386e-05
Bloom-176B,Prefill_1365GBs_160GB_160core_54MBx8,8,12,64,0.10484,0.0014976,0.00095355,4.8933e-05,1.1002e-05,0.00014942,3.7797e-05,0.00020018,9.6772e-05
Bloom-176B,Prefill_1365GBs_160GB_160core_54MBx8,8,12,128,0.18644,0.0026634,0.001659,6.6008e-05,2.5066e-05,0.00027699,7.3133e-05,0.00036965,0.00019354
Bloom-176B,Prefill_1365GBs_160GB_160core_54MBx8,8,12,256,0.37033,0.0052904,0.0033419,0.00011025,7.3406e-05,0.00053215,0.00013703,0.0007086,0.00038709
Bloom-176B,Prefill_1365GBs_160GB_160core_54MBx8,8,12,384,0.5388,0.0076972,0.0047397,0.00018451,0.00015186,0.00079205,0.00020093,0.0010475,0.00058063
Bloom-176B,Prefill_1365GBs_160GB_160core_54MBx8,8,12,2048,3.0507,0.043581,0.022933,0.002703,0.0041726,0.0041756,0.0010463,0.0054539,0.0030967
Bloom-176B,Prefill_1365GBs_160GB_160core_54MBx8,8,12,3072,4.9078,0.070111,0.03406,0.006041,0.0093753,0.0062579,0.0015669,0.0081655,0.004645
Bloom-176B,Prefill_1365GBs_160GB_160core_54MBx8,8,12,4096,6.9724,0.099606,0.045187,0.010258,0.016663,0.0083401,0.0020874,0.010877,0.0061934
Bloom-176B,Prefill_1365GBs_160GB_160core_54MBx8,8,12,5120,9.3018,0.13288,0.056314,0.016176,0.026032,0.010422,0.002608,0.013589,0.0077417
Bloom-176B,Prefill_1365GBs_160GB_160core_54MBx8,8,16,1,0.047026,0.0006718,0.00057007,3.6522e-05,6.0361e-06,1.6508e-05,6.4168e-06,3.4232e-05,2.0161e-06
Bloom-176B,Prefill_1365GBs_160GB_160core_54MBx8,8,12,12288,31.991,0.45701,0.1342,0.090485,0.14992,0.025,0.0062518,0.03257,0.01858
Bloom-176B,Prefill_1365GBs_160GB_160core_54MBx8,8,12,14336,40.563,0.57947,0.15646,0.12282,0.20407,0.029166,0.0072929,0.037993,0.021677
Bloom-176B,Prefill_1365GBs_160GB_160core_54MBx8,8,12,16384,50.063,0.71519,0.17871,0.16009,0.26653,0.033333,0.0083356,0.043416,0.024774
Bloom-176B,Prefill_1365GBs_160GB_160core_54MBx8,8,12,6144,11.847,0.16924,0.067441,0.023095,0.037485,0.012505,0.003129,0.0163,0.0092901
Bloom-176B,Prefill_1365GBs_160GB_160core_54MBx8,8,12,7168,14.625,0.20892,0.078568,0.03125,0.051018,0.014587,0.0036507,0.019012,0.010838
Bloom-176B,Prefill_1365GBs_160GB_160core_54MBx8,8,12,8192,17.6,0.25143,0.089695,0.04015,0.066635,0.016669,0.0041724,0.021723,0.012387
Bloom-176B,Prefill_1365GBs_160GB_160core_54MBx8,8,12,10240,24.347,0.34782,0.11195,0.063077,0.10412,0.020834,0.0052107,0.027147,0.015483
Bloom-176B,Prefill_1365GBs_160GB_160core_54MBx8,8,16,384,0.70532,0.010076,0.006162,0.00023425,0.00020128,0.0010522,0.00026555,0.0013865,0.00077417
Bloom-176B,Prefill_1365GBs_160GB_160core_54MBx8,8,16,512,0.9359,0.01337,0.0080581,0.00033271,0.00035256,0.0014037,0.00035229,0.0018384,0.0010322
Bloom-176B,Prefill_1365GBs_160GB_160core_54MBx8,8,16,768,1.4115,0.020165,0.011821,0.00064679,0.00078672,0.0020934,0.00052575,0.0027423,0.0015483
Bloom-176B,Prefill_1365GBs_160GB_160core_54MBx8,8,16,1024,1.8993,0.027133,0.015515,0.0010245,0.0013937,0.0027876,0.00070134,0.0036462,0.0020645
Bloom-176B,Prefill_1365GBs_160GB_160core_54MBx8,8,16,32,0.082075,0.0011725,0.0007745,4.4771e-05,7.6011e-06,0.00010689,3.0535e-05,0.00014368,6.4515e-05
Bloom-176B,Prefill_1365GBs_160GB_160core_54MBx8,8,16,64,0.1299,0.0018557,0.0011601,5.3477e-05,1.2612e-05,0.00019194,5.1834e-05,0.00025667,0.00012903
Bloom-176B,Prefill_1365GBs_160GB_160core_54MBx8,8,16,128,0.23874,0.0034106,0.0021063,7.6244e-05,3.0808e-05,0.00036204,9.4432e-05,0.00048263,0.00025806
Bloom-176B,Prefill_1365GBs_160GB_160core_54MBx8,8,16,256,0.47792,0.0068275,0.0042619,0.00013523,9.4704e-05,0.00070532,0.00017963,0.00093456,0.00051612
Bloom-176B,Prefill_1365GBs_160GB_160core_54MBx8,8,16,2,0.048188,0.0006884,0.00057654,3.7656e-05,6.0721e-06,1.9197e-05,7.1381e-06,3.7762e-05,4.0322e-06
Bloom-176B,Prefill_1365GBs_160GB_160core_54MBx8,8,16,4,0.05043,0.00072043,0.00058892,3.8023e-05,6.0383e-06,2.5802e-05,8.7556e-06,4.4824e-05,8.0643e-06
Bloom-176B,Prefill_1365GBs_160GB_160core_54MBx8,8,16,8,0.054922,0.00078459,0.00061383,3.885e-05,6.1246e-06,3.8655e-05,1.2059e-05,5.8947e-05,1.6129e-05
Bloom-176B,Prefill_1365GBs_160GB_160core_54MBx8,8,16,16,0.06367,0.00090957,0.00066063,4.0579e-05,6.4492e-06,6.4367e-05,1.8096e-05,8.7192e-05,3.2257e-05
Bloom-176B,Prefill_1365GBs_160GB_160core_54MBx8,8,24,1,0.047589,0.00067984,0.00057347,3.6647e-05,6.0689e-06,1.7852e-05,6.7785e-06,3.5997e-05,3.0241e-06
Bloom-176B,Prefill_1365GBs_160GB_160core_54MBx8,8,16,10240,32.446,0.46351,0.14904,0.08409,0.13882,0.027785,0.0069458,0.036185,0.020645
Bloom-176B,Prefill_1365GBs_160GB_160core_54MBx8,8,16,12288,42.637,0.6091,0.17871,0.12064,0.1999,0.033333,0.0083356,0.043416,0.024774
Bloom-176B,Prefill_1365GBs_160GB_160core_54MBx8,8,16,14336,54.066,0.77237,0.20838,0.16375,0.27208,0.038881,0.0097221,0.050647,0.028903
Bloom-176B,Prefill_1365GBs_160GB_160core_54MBx8,8,16,5120,12.385,0.17693,0.074859,0.021556,0.034708,0.013903,0.0034755,0.018108,0.010322
Bloom-176B,Prefill_1365GBs_160GB_160core_54MBx8,8,16,6144,15.778,0.22541,0.089695,0.030782,0.049978,0.016669,0.0041724,0.021723,0.012387
Bloom-176B,Prefill_1365GBs_160GB_160core_54MBx8,8,16,7168,19.482,0.27831,0.10453,0.041654,0.068022,0.019452,0.0048645,0.025339,0.014451
Bloom-176B,Prefill_1365GBs_160GB_160core_54MBx8,8,16,8192,23.449,0.33498,0.11937,0.053522,0.088845,0.022222,0.0055578,0.028954,0.016516
Bloom-176B,Prefill_1365GBs_160GB_160core_54MBx8,8,16,1536,2.9387,0.041981,0.022933,0.0021461,0.0031294,0.0041756,0.0010463,0.0054539,0.0030967
Bloom-176B,Prefill_1365GBs_160GB_160core_54MBx8,8,16,2048,4.0499,0.057855,0.030351,0.0035923,0.005558,0.0055702,0.0013935,0.0072616,0.0041289
Bloom-176B,Prefill_1365GBs_160GB_160core_54MBx8,8,16,3072,6.5259,0.093227,0.045187,0.0080428,0.012499,0.0083401,0.0020874,0.010877,0.0061934
Bloom-176B,Prefill_1365GBs_160GB_160core_54MBx8,8,16,4096,9.2788,0.13255,0.060023,0.013666,0.022215,0.011119,0.0027815,0.014493,0.0082579
Bloom-176B,Prefill_1365GBs_160GB_160core_54MBx8,8,24,384,1.0386,0.014837,0.0090096,0.00033373,0.00029826,0.0015738,0.00039565,0.0020644,0.0011613
Bloom-176B,Prefill_1365GBs_160GB_160core_54MBx8,8,24,512,1.3817,0.019739,0.011821,0.00048142,0.00052602,0.0020934,0.00052575,0.0027423,0.0015483
Bloom-176B,Prefill_1365GBs_160GB_160core_54MBx8,8,24,768,2.0888,0.02984,0.01737,0.00095253,0.0011767,0.0031345,0.00078654,0.0040981,0.0023225
Bloom-176B,Prefill_1365GBs_160GB_160core_54MBx8,8,24,1024,2.8218,0.040312,0.022933,0.0015191,0.0020877,0.0041756,0.0010463,0.0054539,0.0030967
Bloom-176B,Prefill_1365GBs_160GB_160core_54MBx8,8,24,32,0.1047,0.0014957,0.00095355,4.9507e-05,8.4601e-06,0.00014942,3.7797e-05,0.00020018,9.6772e-05
Bloom-176B,Prefill_1365GBs_160GB_160core_54MBx8,8,24,64,0.18557,0.002651,0.001659,6.2566e-05,1.61e-05,0.00027699,7.3133e-05,0.00036965,0.00019354
Bloom-176B,Prefill_1365GBs_160GB_160core_54MBx8,8,24,128,0.36691,0.0052415,0.0033419,9.6716e-05,3.807e-05,0.00053215,0.00013703,0.0007086,0.00038709
Bloom-176B,Prefill_1365GBs_160GB_160core_54MBx8,8,24,256,0.69741,0.009963,0.006162,0.00018519,0.0001373,0.0010522,0.00026555,0.0013865,0.00077417
Bloom-176B,Prefill_1365GBs_160GB_160core_54MBx8,8,24,2,0.049429,0.00070613,0.0005829,3.8834e-05,6.0251e-06,2.3114e-05,7.9217e-06,4.1293e-05,6.0482e-06
Bloom-176B,Prefill_1365GBs_160GB_160core_54MBx8,8,24,4,0.052824,0.00075463,0.00060175,3.9385e-05,6.0721e-06,3.2966e-05,1.0479e-05,5.1885e-05,1.2096e-05
Bloom-176B,Prefill_1365GBs_160GB_160core_54MBx8,8,24,8,0.05944,0.00084915,0.00063739,4.0625e-05,6.2153e-06,5.2246e-05,1.5407e-05,7.3069e-05,2.4193e-05
Bloom-176B,Prefill_1365GBs_160GB_160core_54MBx8,8,24,16,0.072596,0.0010371,0.00072222,4.3218e-05,6.6896e-06,7.6342e-05,2.4793e-05,0.00011544,4.8386e-05
Bloom-176B,Prefill_1365GBs_160GB_160core_54MBx8,8,32,1,0.048123,0.00068747,0.00057654,3.6737e-05,6.07e-06,1.9197e-05,7.1381e-06,3.7762e-05,4.0322e-06
Bloom-176B,Prefill_1365GBs_160GB_160core_54MBx8,8,32,2,0.050568,0.00072241,0.00058892,4.0013e-05,6.0273e-06,2.5802e-05,8.7556e-06,4.4824e-05,8.0643e-06
Bloom-176B,Prefill_1365GBs_160GB_160core_54MBx8,8,32,4,0.055051,0.00078645,0.00061383,4.0747e-05,6.0831e-06,3.8655e-05,1.2059e-05,5.8947e-05,1.6129e-05
Bloom-176B,Prefill_1365GBs_160GB_160core_54MBx8,8,32,8,0.063786,0.00091122,0.00066063,4.2399e-05,6.2809e-06,6.4367e-05,1.8096e-05,8.7192e-05,3.2257e-05
Bloom-176B,Prefill_1365GBs_160GB_160core_54MBx8,8,24,5120,18.55,0.265,0.11195,0.032316,0.052059,0.020834,0.0052107,0.027147,0.015483
Bloom-176B,Prefill_1365GBs_160GB_160core_54MBx8,8,24,6144,23.641,0.33772,0.1342,0.046156,0.074964,0.025,0.0062518,0.03257,0.01858
Bloom-176B,Prefill_1365GBs_160GB_160core_54MBx8,8,24,7168,29.196,0.41708,0.15646,0.062464,0.10203,0.029166,0.0072929,0.037993,0.021677
Bloom-176B,Prefill_1365GBs_160GB_160core_54MBx8,8,24,8192,35.147,0.5021,0.17871,0.080265,0.13327,0.033333,0.0083356,0.043416,0.024774
Bloom-176B,Prefill_1365GBs_160GB_160core_54MBx8,8,24,1536,4.3811,0.062587,0.03406,0.0032015,0.0046904,0.0062579,0.0015669,0.0081655,0.004645
Bloom-176B,Prefill_1365GBs_160GB_160core_54MBx8,8,24,2048,6.0474,0.086391,0.045187,0.0053708,0.0083358,0.0083401,0.0020874,0.010877,0.0061934
Bloom-176B,Prefill_1365GBs_160GB_160core_54MBx8,8,24,3072,9.762,0.13946,0.067441,0.012047,0.018745,0.012505,0.003129,0.0163,0.0092901
Bloom-176B,Prefill_1365GBs_160GB_160core_54MBx8,8,24,4096,13.891,0.19845,0.089695,0.020481,0.03332,0.016669,0.0041724,0.021723,0.012387
Bloom-176B,Prefill_1365GBs_160GB_160core_54MBx8,8,32,16,0.082104,0.0011729,0.0007745,4.5857e-05,6.929e-06,0.00010689,3.0535e-05,0.00014368,6.4515e-05
Bloom-176B,Prefill_1365GBs_160GB_160core_54MBx8,8,32,32,0.12973,0.0018532,0.0011601,5.4242e-05,9.3869e-06,0.00019194,5.1834e-05,0.00025667,0.00012903
Bloom-176B,Prefill_1365GBs_160GB_160core_54MBx8,8,32,64,0.23758,0.003394,0.0021063,7.1654e-05,1.8789e-05,0.00036204,9.4432e-05,0.00048263,0.00025806
Bloom-176B,Prefill_1365GBs_160GB_160core_54MBx8,8,32,128,0.47368,0.0067668,0.0042619,0.00011719,5.2107e-05,0.00070532,0.00017963,0.00093456,0.00051612
Bloom-176B,Prefill_1365GBs_160GB_160core_54MBx8,8,32,256,0.91698,0.0131,0.0080581,0.00023516,0.0001799,0.0014037,0.00035229,0.0018384,0.0010322
Bloom-176B,Prefill_1365GBs_160GB_160core_54MBx8,8,32,384,1.3692,0.01956,0.011821,0.00043321,0.00039592,0.0020934,0.00052575,0.0027423,0.0015483
Bloom-176B,Prefill_1365GBs_160GB_160core_54MBx8,8,32,512,1.8232,0.026046,0.015515,0.00063012,0.0007015,0.0027876,0.00070134,0.0036462,0.0020645
Bloom-176B,Prefill_1365GBs_160GB_160core_54MBx8,8,32,768,2.7671,0.039531,0.022933,0.0012583,0.0015672,0.0041756,0.0010463,0.0054539,0.0030967
Bloom-176B,Prefill_1365GBs_160GB_160core_54MBx8,8,32,1024,3.745,0.0535,0.030351,0.0020137,0.0027817,0.0055702,0.0013935,0.0072616,0.0041289
Bloom-176B,Prefill_1365GBs_160GB_160core_54MBx8,8,32,1536,5.8236,0.083194,0.045187,0.0042569,0.0062521,0.0083401,0.0020874,0.010877,0.0061934
Bloom-176B,Prefill_1365GBs_160GB_160core_54MBx8,8,32,2048,8.0453,0.11493,0.060023,0.0071493,0.01111,0.011119,0.0027815,0.014493,0.0082579
Bloom-176B,Prefill_1365GBs_160GB_160core_54MBx8,8,32,3072,12.998,0.18569,0.089695,0.01605,0.024992,0.016669,0.0041724,0.021723,0.012387
Bloom-176B,Prefill_1365GBs_160GB_160core_54MBx8,8,40,1,0.048673,0.00069532,0.00057988,3.6829e-05,5.9967e-06,2.0541e-05,7.5053e-06,3.9528e-05,5.0402e-06
Bloom-176B,Prefill_1365GBs_160GB_160core_54MBx8,8,40,2,0.051764,0.00073948,0.00059575,4.1191e-05,6.0306e-06,2.8491e-05,9.5873e-06,4.8354e-05,1.008e-05
Bloom-176B,Prefill_1365GBs_160GB_160core_54MBx8,8,40,4,0.057271,0.00081816,0.00062633,4.2109e-05,6.118e-06,4.4032e-05,1.3404e-05,6.6008e-05,2.0161e-05
Bloom-176B,Prefill_1365GBs_160GB_160core_54MBx8,8,40,8,0.068401,0.00097716,0.00069381,4.4174e-05,6.3476e-06,6.9743e-05,2.1445e-05,0.00010132,4.0322e-05
Bloom-176B,Prefill_1365GBs_160GB_160core_54MBx8,8,40,16,0.091852,0.0013122,0.00085103,4.8497e-05,7.1454e-06,0.00011971,3.3223e-05,0.00017193,8.0643e-05
Bloom-176B,Prefill_1365GBs_160GB_160core_54MBx8,8,40,32,0.15951,0.0022787,0.001441,5.8978e-05,1.0289e-05,0.00023447,5.9479e-05,0.00031316,0.00016129
Bloom-176B,Prefill_1365GBs_160GB_160core_54MBx8,8,40,64,0.31066,0.004438,0.002854,8.0743e-05,2.2278e-05,0.0004471,0.00011573,0.00059562,0.00032257
Bloom-176B,Prefill_1365GBs_160GB_160core_54MBx8,8,40,128,0.58235,0.0083193,0.0052152,0.00013766,5.9752e-05,0.00087878,0.00022222,0.0011605,0.00064515
Bloom-176B,Prefill_1365GBs_160GB_160core_54MBx8,8,32,4096,18.504,0.26434,0.11937,0.027297,0.044425,0.022222,0.0055578,0.028954,0.016516
Bloom-176B,Prefill_1365GBs_160GB_160core_54MBx8,8,32,5120,24.716,0.35309,0.14904,0.043076,0.06941,0.027785,0.0069458,0.036185,0.020645
Bloom-176B,Prefill_1365GBs_160GB_160core_54MBx8,8,32,6144,31.503,0.45005,0.17871,0.061529,0.09995,0.033333,0.0083356,0.043416,0.024774
Bloom-176B,Prefill_1365GBs_160GB_160core_54MBx8,8,32,7168,38.909,0.55585,0.20838,0.083274,0.13604,0.038881,0.0097221,0.050647,0.028903
Bloom-176B,Prefill_1365GBs_160GB_160core_54MBx8,8,40,256,1.1356,0.016223,0.0099493,0.00028512,0.0002225,0.0017464,0.00043902,0.0022904,0.0012903
Bloom-176B,Prefill_1365GBs_160GB_160core_54MBx8,8,40,384,1.6973,0.024247,0.014591,0.00053268,0.00049408,0.0026154,0.00065875,0.0034202,0.0019354
Bloom-176B,Prefill_1365GBs_160GB_160core_54MBx8,8,40,512,2.2657,0.032366,0.019224,0.00077883,0.00087312,0.0034869,0.00087285,0.00455,0.0025806
Bloom-176B,Prefill_1365GBs_160GB_160core_54MBx8,8,40,768,3.4457,0.049224,0.028496,0.001564,0.0019579,0.0052167,0.0013083,0.0068097,0.0038709
Bloom-176B,Prefill_1365GBs_160GB_160core_54MBx8,8,40,1024,4.6673,0.066676,0.037769,0.0025083,0.0034758,0.0069521,0.0017403,0.0090693,0.0051612
Bloom-176B,Prefill_1365GBs_160GB_160core_54MBx8,8,40,1536,7.2661,0.1038,0.056314,0.0053123,0.0078143,0.010422,0.002608,0.013589,0.0077417
Bloom-176B,Prefill_1365GBs_160GB_160core_54MBx8,8,40,2048,10.044,0.14348,0.074859,0.0089278,0.013887,0.013903,0.0034755,0.018108,0.010322
Bloom-176B,Prefill_1365GBs_160GB_160core_54MBx8,8,40,3072,16.234,0.23192,0.11195,0.020054,0.031239,0.020834,0.0052107,0.027147,0.015483
Bloom-176B,Prefill_1365GBs_160GB_160core_54MBx8,8,48,1,0.049298,0.00070425,0.0005829,3.6961e-05,6.0208e-06,2.3114e-05,7.9217e-06,4.1293e-05,6.0482e-06
Bloom-176B,Prefill_1365GBs_160GB_160core_54MBx8,8,48,2,0.053032,0.0007576,0.00060175,4.2369e-05,6.0568e-06,3.2966e-05,1.0479e-05,5.1885e-05,1.2096e-05
Bloom-176B,Prefill_1365GBs_160GB_160core_54MBx8,8,40,4096,23.117,0.33024,0.14904,0.034112,0.05553,0.027785,0.0069458,0.036185,0.020645
Bloom-176B,Prefill_1365GBs_160GB_160core_54MBx8,8,40,5120,30.881,0.44115,0.18613,0.053837,0.086761,0.034715,0.008681,0.045224,0.025806
Bloom-176B,Prefill_1365GBs_160GB_160core_54MBx8,8,48,4,0.059635,0.00085193,0.00063739,4.347e-05,6.1519e-06,5.2246e-05,1.5407e-05,7.3069e-05,2.4193e-05
Bloom-176B,Prefill_1365GBs_160GB_160core_54MBx8,8,48,8,0.07277,0.0010396,0.00072222,4.5949e-05,6.4372e-06,7.6342e-05,2.4793e-05,0.00011544,4.8386e-05
Bloom-176B,Prefill_1365GBs_160GB_160core_54MBx8,8,48,16,0.10474,0.0014962,0.00095355,5.1136e-05,7.3858e-06,0.00014942,3.7797e-05,0.00020018,9.6772e-05
Bloom-176B,Prefill_1365GBs_160GB_160core_54MBx8,8,48,32,0.18531,0.0026473,0.001659,6.3713e-05,1.1221e-05,0.00027699,7.3133e-05,0.00036965,0.00019354
Bloom-176B,Prefill_1365GBs_160GB_160core_54MBx8,8,48,64,0.36556,0.0052223,0.0033419,8.9831e-05,2.5766e-05,0.00053215,0.00013703,0.0007086,0.00038709
Bloom-176B,Prefill_1365GBs_160GB_160core_54MBx8,8,48,128,0.69104,0.009872,0.006162,0.00015813,7.3406e-05,0.0010522,0.00026555,0.0013865,0.00077417
Bloom-176B,Prefill_1365GBs_160GB_160core_54MBx8,8,48,256,1.3532,0.019332,0.011821,0.00033508,0.00026583,0.0020934,0.00052575,0.0027423,0.0015483
Bloom-176B,Prefill_1365GBs_160GB_160core_54MBx8,8,48,384,2.0254,0.028934,0.01737,0.00063216,0.00059107,0.0031345,0.00078654,0.0040981,0.0023225
Bloom-176B,Prefill_1365GBs_160GB_160core_54MBx8,8,48,512,2.7076,0.038679,0.022933,0.00092754,0.0010466,0.0041756,0.0010463,0.0054539,0.0030967
Bloom-176B,Prefill_1365GBs_160GB_160core_54MBx8,8,48,768,4.1239,0.058913,0.03406,0.0018698,0.0023479,0.0062579,0.0015669,0.0081655,0.004645
Bloom-176B,Prefill_1365GBs_160GB_160core_54MBx8,8,48,1024,5.5902,0.07986,0.045187,0.0030028,0.0041726,0.0083401,0.0020874,0.010877,0.0061934
Bloom-176B,Prefill_1365GBs_160GB_160core_54MBx8,8,48,1536,8.7085,0.12441,0.067441,0.0063678,0.0093753,0.012505,0.003129,0.0163,0.0092901
Bloom-176B,Prefill_1365GBs_160GB_160core_54MBx8,8,64,2,0.055328,0.00079041,0.00061383,4.4725e-05,6.0623e-06,3.8655e-05,1.2059e-05,5.8947e-05,1.6129e-05
Bloom-176B,Prefill_1365GBs_160GB_160core_54MBx8,8,64,4,0.064045,0.00091493,0.00066063,4.6194e-05,6.1967e-06,6.4367e-05,1.8096e-05,8.7192e-05,3.2257e-05
Bloom-176B,Prefill_1365GBs_160GB_160core_54MBx8,8,64,8,0.082335,0.0011762,0.0007745,4.9499e-05,6.5935e-06,0.00010689,3.0535e-05,0.00014368,6.4515e-05
Bloom-176B,Prefill_1365GBs_160GB_160core_54MBx8,8,64,16,0.12977,0.0018539,0.0011601,5.6415e-05,7.8656e-06,0.00019194,5.1834e-05,0.00025667,0.00012903
Bloom-176B,Prefill_1365GBs_160GB_160core_54MBx8,8,64,1,0.050369,0.00071955,0.00058892,3.7162e-05,6.0219e-06,2.5802e-05,8.7556e-06,4.4824e-05,8.0643e-06
Bloom-176B,Prefill_1365GBs_160GB_160core_54MBx8,8,48,2048,12.041,0.17202,0.089695,0.010706,0.016663,0.016669,0.0041724,0.021723,0.012387
Bloom-176B,Prefill_1365GBs_160GB_160core_54MBx8,8,48,3072,19.47,0.27815,0.1342,0.024058,0.037485,0.025,0.0062518,0.03257,0.01858
Bloom-176B,Prefill_1365GBs_160GB_160core_54MBx8,8,48,4096,27.729,0.39613,0.17871,0.040927,0.066635,0.033333,0.0083356,0.043416,0.024774
Bloom-176B,Prefill_1365GBs_160GB_160core_54MBx8,8,64,32,0.23728,0.0033898,0.0021063,7.3184e-05,1.3055e-05,0.00036204,9.4432e-05,0.00048263,0.00025806
Bloom-176B,Prefill_1365GBs_160GB_160core_54MBx8,8,64,64,0.4716,0.0067372,0.0042619,0.00010801,3.1648e-05,0.00070532,0.00017963,0.00093456,0.00051612
Bloom-176B,Prefill_1365GBs_160GB_160core_54MBx8,8,64,128,0.9085,0.012979,0.0080581,0.00019908,9.4704e-05,0.0014037,0.00035229,0.0018384,0.0010322
Bloom-176B,Prefill_1365GBs_160GB_160core_54MBx8,8,64,256,1.7851,0.025502,0.015515,0.00043501,0.00035256,0.0027876,0.00070134,0.0036462,0.0020645
Bloom-176B,Prefill_1365GBs_160GB_160core_54MBx8,8,64,384,2.6826,0.038323,0.022933,0.00083111,0.00078689,0.0041756,0.0010463,0.0054539,0.0030967
Bloom-176B,Prefill_1365GBs_160GB_160core_54MBx8,8,64,512,3.5926,0.051324,0.030351,0.0012249,0.0013937,0.0055702,0.0013935,0.0072616,0.0041289
Bloom-176B,Prefill_1365GBs_160GB_160core_54MBx8,8,64,768,5.4807,0.078295,0.045187,0.0024812,0.0031292,0.0083401,0.0020874,0.010877,0.0061934
Bloom-176B,Prefill_1365GBs_160GB_160core_54MBx8,8,64,1024,7.4356,0.10622,0.060023,0.003992,0.005558,0.011119,0.0027815,0.014493,0.0082579
Bloom-176B,Prefill_1365GBs_160GB_160core_54MBx8,8,80,2,0.057617,0.0008231,0.00062633,4.7081e-05,6.0918e-06,4.4032e-05,1.3404e-05,6.6008e-05,2.0161e-05
Bloom-176B,Prefill_1365GBs_160GB_160core_54MBx8,8,80,4,0.068726,0.0009818,0.00069381,4.8917e-05,6.2426e-06,6.9743e-05,2.1445e-05,0.00010132,4.0322e-05
Bloom-176B,Prefill_1365GBs_160GB_160core_54MBx8,8,80,8,0.092141,0.0013163,0.00085103,5.3049e-05,6.7257e-06,0.00011971,3.3223e-05,0.00017193,8.0643e-05
Bloom-176B,Prefill_1365GBs_160GB_160core_54MBx8,8,80,16,0.15956,0.0022794,0.001441,6.1693e-05,8.329e-06,0.00023447,5.9479e-05,0.00031316,0.00016129
Bloom-176B,Prefill_1365GBs_160GB_160core_54MBx8,8,80,1,0.051495,0.00073565,0.00059575,3.7363e-05,6.0241e-06,2.8491e-05,9.5873e-06,4.8354e-05,1.008e-05
Bloom-176B,Prefill_1365GBs_160GB_160core_54MBx8,8,64,1536,11.594,0.16562,0.089695,0.0084786,0.012499,0.016669,0.0041724,0.021723,0.012387
Bloom-176B,Prefill_1365GBs_160GB_160core_54MBx8,8,64,2048,16.037,0.2291,0.11937,0.014263,0.022215,0.022222,0.0055578,0.028954,0.016516
Bloom-176B,Prefill_1365GBs_160GB_160core_54MBx8,8,64,3072,25.943,0.37061,0.17871,0.032065,0.049978,0.033333,0.0083356,0.043416,0.024774
Bloom-176B,Prefill_1365GBs_160GB_160core_54MBx8,8,96,1,0.052698,0.00075283,0.00060175,3.7605e-05,6.0492e-06,3.2966e-05,1.0479e-05,5.1885e-05,1.2096e-05
Bloom-176B,Prefill_1365GBs_160GB_160core_54MBx8,8,96,2,0.060051,0.00085786,0.00063739,4.9438e-05,6.1202e-06,5.2246e-05,1.5407e-05,7.3069e-05,2.4193e-05
Bloom-176B,Prefill_1365GBs_160GB_160core_54MBx8,8,80,1536,14.478,0.20683,0.11195,0.010589,0.015622,0.020834,0.0052107,0.027147,0.015483
Bloom-176B,Prefill_1365GBs_160GB_160core_54MBx8,8,80,2048,20.033,0.28619,0.14904,0.01782,0.027768,0.027785,0.0069458,0.036185,0.020645
Bloom-176B,Prefill_1365GBs_160GB_160core_54MBx8,8,80,384,3.3399,0.047713,0.028496,0.0010301,0.00098154,0.0052167,0.0013083,0.0068097,0.0038709
Bloom-176B,Prefill_1365GBs_160GB_160core_54MBx8,8,80,512,4.4768,0.063955,0.037769,0.0015224,0.0017406,0.0069521,0.0017403,0.0090693,0.0051612
Bloom-176B,Prefill_1365GBs_160GB_160core_54MBx8,8,80,768,6.8374,0.097677,0.056314,0.0030927,0.0039096,0.010422,0.002608,0.013589,0.0077417
Bloom-176B,Prefill_1365GBs_160GB_160core_54MBx8,8,80,1024,9.2817,0.1326,0.074859,0.0049812,0.0069461,0.013903,0.0034755,0.018108,0.010322
Bloom-176B,Prefill_1365GBs_160GB_160core_54MBx8,8,80,32,0.31026,0.0044323,0.002854,8.2655e-05,1.4656e-05,0.0004471,0.00011573,0.00059562,0.00032257
Bloom-176B,Prefill_1365GBs_160GB_160core_54MBx8,8,80,64,0.57977,0.0082824,0.0052152,0.00012619,3.4336e-05,0.00087878,0.00022222,0.0011605,0.00064515
Bloom-176B,Prefill_1365GBs_160GB_160core_54MBx8,8,80,128,1.125,0.016071,0.0099493,0.00024002,0.000116,0.0017464,0.00043902,0.0022904,0.0012903
Bloom-176B,Prefill_1365GBs_160GB_160core_54MBx8,8,80,256,2.2182,0.031689,0.019224,0.00053494,0.00043929,0.0034869,0.00087285,0.00455,0.0025806
Bloom-176B,Prefill_1365GBs_160GB_160core_54MBx8,8,96,4,0.073159,0.0010451,0.00072222,5.1641e-05,6.3115e-06,7.6342e-05,2.4793e-05,0.00011544,4.8386e-05
Bloom-176B,Prefill_1365GBs_160GB_160core_54MBx8,8,96,8,0.10508,0.0015012,0.00095355,5.6598e-05,6.882e-06,0.00014942,3.7797e-05,0.00020018,9.6772e-05
Bloom-176B,Prefill_1365GBs_160GB_160core_54MBx8,8,96,16,0.18537,0.0026482,0.001659,6.6972e-05,8.8667e-06,0.00027699,7.3133e-05,0.00036965,0.00019354
Bloom-176B,Prefill_1365GBs_160GB_160core_54MBx8,8,96,32,0.36512,0.005216,0.0033419,9.2126e-05,1.7149e-05,0.00053215,0.00013703,0.0007086,0.00038709
Bloom-176B,Prefill_1365GBs_160GB_160core_54MBx8,8,96,512,5.3615,0.076592,0.045187,0.0018198,0.0020877,0.0083401,0.0020874,0.010877,0.0061934
Bloom-176B,Prefill_1365GBs_160GB_160core_54MBx8,8,96,768,8.1942,0.11706,0.067441,0.0037042,0.0046904,0.012505,0.003129,0.0163,0.0092901
Bloom-176B,Prefill_1365GBs_160GB_160core_54MBx8,8,96,1024,11.127,0.15895,0.089695,0.0059704,0.0083358,0.016669,0.0041724,0.021723,0.012387
Bloom-176B,Prefill_1365GBs_160GB_160core_54MBx8,8,96,1536,17.363,0.24805,0.1342,0.0127,0.018745,0.025,0.0062518,0.03257,0.01858
Bloom-176B,Prefill_1365GBs_160GB_160core_54MBx8,8,96,64,0.6876,0.0098229,0.006162,0.00014436,3.807e-05,0.0010522,0.00026555,0.0013865,0.00077417
Bloom-176B,Prefill_1365GBs_160GB_160core_54MBx8,8,96,128,1.3405,0.019149,0.011821,0.00028097,0.0001373,0.0020934,0.00052575,0.0027423,0.0015483
Bloom-176B,Prefill_1365GBs_160GB_160core_54MBx8,8,96,256,2.6506,0.037866,0.022933,0.00063487,0.00052602,0.0041756,0.0010463,0.0054539,0.0030967
Bloom-176B,Prefill_1365GBs_160GB_160core_54MBx8,8,96,384,3.9971,0.057101,0.03406,0.001229,0.0011767,0.0062579,0.0015669,0.0081655,0.004645
Bloom-176B,Prefill_1365GBs_160GB_160core_54MBx8,8,128,1,0.054858,0.00078369,0.00061383,3.8022e-05,6.0514e-06,3.8655e-05,1.2059e-05,5.8947e-05,1.6129e-05
Bloom-176B,Prefill_1365GBs_160GB_160core_54MBx8,8,128,2,0.064599,0.00092285,0.00066063,5.415e-05,6.1552e-06,6.4367e-05,1.8096e-05,8.7192e-05,3.2257e-05
Bloom-176B,Prefill_1365GBs_160GB_160core_54MBx8,8,128,4,0.082854,0.0011836,0.0007745,5.7088e-05,6.4251e-06,0.00010689,3.0535e-05,0.00014368,6.4515e-05
Bloom-176B,Prefill_1365GBs_160GB_160core_54MBx8,8,96,2048,24.029,0.34327,0.17871,0.021377,0.03332,0.033333,0.0083356,0.043416,0.024774
Bloom-176B,Prefill_1365GBs_160GB_160core_54MBx8,8,128,8,0.13024,0.0018605,0.0011601,6.3698e-05,7.1935e-06,0.00019194,5.1834e-05,0.00025667,0.00012903
Bloom-176B,Prefill_1365GBs_160GB_160core_54MBx8,8,128,16,0.23737,0.003391,0.0021063,7.753e-05,9.9159e-06,0.00036204,9.4432e-05,0.00048263,0.00025806
Bloom-176B,Prefill_1365GBs_160GB_160core_54MBx8,8,128,32,0.47099,0.0067284,0.0042619,0.00011107,1.9838e-05,0.00070532,0.00017963,0.00093456,0.00051612
Bloom-176B,Prefill_1365GBs_160GB_160core_54MBx8,8,128,64,0.90429,0.012918,0.0080581,0.00018072,5.2946e-05,0.0014037,0.00035229,0.0018384,0.0010322
Bloom-176B,Prefill_1365GBs_160GB_160core_54MBx8,8,128,128,1.768,0.025257,0.015515,0.00036285,0.0001799,0.0027876,0.00070134,0.0036462,0.0020645
Bloom-176B,Prefill_1365GBs_160GB_160core_54MBx8,8,128,256,3.5169,0.050241,0.030351,0.00083472,0.00070162,0.0055702,0.0013935,0.0072616,0.0041289
Bloom-176B,Prefill_1365GBs_160GB_160core_54MBx8,8,128,384,5.3115,0.075879,0.045187,0.0016269,0.0015672,0.0083401,0.0020874,0.010877,0.0061934
Bloom-176B,Prefill_1365GBs_160GB_160core_54MBx8,8,128,512,7.1309,0.10187,0.060023,0.0024146,0.0027817,0.011119,0.0027815,0.014493,0.0082579
Bloom-176B,Prefill_1365GBs_160GB_160core_54MBx8,8,256,32,0.90336,0.012905,0.0080581,0.00018684,3.3564e-05,0.0014037,0.00035229,0.0018384,0.0010322
Bloom-176B,Prefill_1365GBs_160GB_160core_54MBx8,8,256,64,1.7595,0.025136,0.015515,0.00032613,9.5544e-05,0.0027876,0.00070134,0.0036462,0.0020645
Bloom-176B,Prefill_1365GBs_160GB_160core_54MBx8,8,256,128,3.4824,0.049748,0.030351,0.00069041,0.00035256,0.0055702,0.0013935,0.0072616,0.0041289
Bloom-176B,Prefill_1365GBs_160GB_160core_54MBx8,8,256,256,6.9791,0.099701,0.060023,0.0016341,0.0013937,0.011119,0.0027815,0.014493,0.0082579
Bloom-176B,Prefill_1365GBs_160GB_160core_54MBx8,8,256,2,0.083962,0.0011995,0.0007745,7.3001e-05,6.341e-06,0.00010689,3.0535e-05,0.00014368,6.4515e-05
Bloom-176B,Prefill_1365GBs_160GB_160core_54MBx8,8,256,4,0.13127,0.0018754,0.0011601,7.8876e-05,6.8579e-06,0.00019194,5.1834e-05,0.00025667,0.00012903
Bloom-176B,Prefill_1365GBs_160GB_160core_54MBx8,8,256,8,0.23828,0.003404,0.0021063,9.2096e-05,8.3945e-06,0.00036204,9.4432e-05,0.00048263,0.00025806
Bloom-176B,Prefill_1365GBs_160GB_160core_54MBx8,8,256,16,0.4712,0.0067314,0.0042619,0.00011976,1.4134e-05,0.00070532,0.00017963,0.00093456,0.00051612
Bloom-176B,Prefill_1365GBs_160GB_160core_54MBx8,8,256,1,0.06359,0.00090843,0.00066063,3.9754e-05,6.1344e-06,6.4367e-05,1.8096e-05,8.7192e-05,3.2257e-05
Bloom-176B,Prefill_1365GBs_160GB_160core_54MBx8,8,128,768,10.908,0.15583,0.089695,0.0049272,0.0062521,0.016669,0.0041724,0.021723,0.012387
Bloom-176B,Prefill_1365GBs_160GB_160core_54MBx8,8,128,1024,14.817,0.21168,0.11937,0.0079487,0.01111,0.022222,0.0055578,0.028954,0.016516
Bloom-176B,Prefill_1365GBs_160GB_160core_54MBx8,8,128,1536,23.134,0.33048,0.17871,0.016922,0.024992,0.033333,0.0083356,0.043416,0.024774
Bloom-176B,Prefill_1365GBs_160GB_160core_54MBx8,8,512,2,0.13349,0.001907,0.0011601,0.0001107,6.6896e-06,0.00019194,5.1834e-05,0.00025667,0.00012903
Bloom-176B,Prefill_1365GBs_160GB_160core_54MBx8,8,512,4,0.24036,0.0034337,0.0021063,0.00012245,7.7224e-06,0.00036204,9.4432e-05,0.00048263,0.00025806
Bloom-176B,Prefill_1365GBs_160GB_160core_54MBx8,8,512,8,0.47302,0.0067574,0.0042619,0.00014889,1.0997e-05,0.00070532,0.00017963,0.00093456,0.00051612
Bloom-176B,Prefill_1365GBs_160GB_160core_54MBx8,8,512,16,0.90378,0.012911,0.0080581,0.00020422,2.2146e-05,0.0014037,0.00035229,0.0018384,0.0010322
Bloom-176B,Prefill_1365GBs_160GB_160core_54MBx8,8,512,32,1.7575,0.025108,0.015515,0.00033837,5.4863e-05,0.0027876,0.00070134,0.0036462,0.0020645
Bloom-176B,Prefill_1365GBs_160GB_160core_54MBx8,8,512,64,3.4652,0.049503,0.030351,0.00061697,0.00018074,0.0055702,0.0013935,0.0072616,0.0041289
Bloom-176B,Prefill_1365GBs_160GB_160core_54MBx8,8,512,128,6.9104,0.09872,0.060023,0.0013455,0.00070162,0.011119,0.0027815,0.014493,0.0082579
Bloom-176B,Prefill_1365GBs_160GB_160core_54MBx8,8,512,256,13.904,0.19863,0.11937,0.003233,0.0027817,0.022222,0.0055578,0.028954,0.016516
Bloom-176B,Prefill_1365GBs_160GB_160core_54MBx8,8,512,1,0.081875,0.0011696,0.0007745,4.3216e-05,6.2995e-06,0.00010689,3.0535e-05,0.00014368,6.4515e-05
Bloom-176B,Prefill_1365GBs_160GB_160core_54MBx8,8,256,384,10.57,0.15099,0.089695,0.0032185,0.0031293,0.016669,0.0041724,0.021723,0.012387
Bloom-176B,Prefill_1365GBs_160GB_160core_54MBx8,8,256,512,14.208,0.20297,0.11937,0.0047939,0.005558,0.022222,0.0055578,0.028954,0.016516
Bloom-176B,Prefill_1365GBs_160GB_160core_54MBx8,8,256,768,21.762,0.31089,0.17871,0.0098191,0.012499,0.033333,0.0083356,0.043416,0.024774
Bloom-176B,Prefill_1365GBs_160GB_160core_54MBx8,8,1024,8,0.90745,0.012964,0.0080581,0.00026248,1.6296e-05,0.0014037,0.00035229,0.0018384,0.0010322
Bloom-176B,Prefill_1365GBs_160GB_160core_54MBx8,8,1024,16,1.7588,0.025126,0.015515,0.00037314,3.818e-05,0.0027876,0.00070134,0.0036462,0.0020645
Bloom-176B,Prefill_1365GBs_160GB_160core_54MBx8,8,1024,32,3.4611,0.049444,0.030351,0.00064145,9.746e-05,0.0055702,0.0013935,0.0072616,0.0041289
Bloom-176B,Prefill_1365GBs_160GB_160core_54MBx8,8,1024,64,6.8757,0.098224,0.060023,0.0011986,0.00035256,0.011119,0.0027815,0.014493,0.0082579
Bloom-176B,Prefill_1365GBs_160GB_160core_54MBx8,8,1024,1,0.12924,0.0018464,0.0011601,5.013e-05,6.6055e-06,0.00019194,5.1834e-05,0.00025667,0.00012903
Bloom-176B,Prefill_1365GBs_160GB_160core_54MBx8,8,1024,2,0.24479,0.003497,0.0021063,0.0001861,7.3869e-06,0.00036204,9.4432e-05,0.00048263,0.00025806
Bloom-176B,Prefill_1365GBs_160GB_160core_54MBx8,8,1024,4,0.47716,0.0068166,0.0042619,0.0002096,9.4765e-06,0.00070532,0.00017963,0.00093456,0.00051612
Bloom-176B,Prefill_1365GBs_160GB_160core_54MBx8,8,512,384,21.086,0.30122,0.17871,0.0064018,0.0062521,0.033333,0.0083356,0.043416,0.024774
Bloom-176B,Prefill_1365GBs_160GB_160core_54MBx8,8,1024,128,13.767,0.19667,0.11937,0.0026557,0.0013937,0.022222,0.0055578,0.028954,0.016516
